-- --------------------------------------------------------
-- Host:                         127.0.0.1
-- Server version:               5.7.26-log - MySQL Community Server (GPL)
-- Server OS:                    Win64
-- HeidiSQL Version:             10.2.0.5700
-- --------------------------------------------------------

/*!40101 SET @OLD_CHARACTER_SET_CLIENT=@@CHARACTER_SET_CLIENT */;
/*!40101 SET NAMES utf8 */;
/*!50503 SET NAMES utf8mb4 */;
/*!40014 SET @OLD_FOREIGN_KEY_CHECKS=@@FOREIGN_KEY_CHECKS, FOREIGN_KEY_CHECKS=0 */;
/*!40101 SET @OLD_SQL_MODE=@@SQL_MODE, SQL_MODE='NO_AUTO_VALUE_ON_ZERO' */;

-- Dumping structure for table db_ylf_certification.tbl_certifications
CREATE TABLE IF NOT EXISTS `tbl_certifications` (
  `id` int(11) NOT NULL AUTO_INCREMENT,
  `client_id` int(11) NOT NULL,
  `certification_template_id` int(11) NOT NULL,
  `user_id` int(11) NOT NULL DEFAULT '1',
  `creation` timestamp NOT NULL DEFAULT CURRENT_TIMESTAMP,
  PRIMARY KEY (`id`),
  UNIQUE KEY `id` (`id`),
  UNIQUE KEY `client_certification` (`client_id`,`certification_template_id`),
  KEY `FK_tbl_certifications_tbl_certifications_templates` (`certification_template_id`),
  KEY `FK_tbl_certifications_tbl_users` (`user_id`),
  CONSTRAINT `FK_tbl_certifications_tbl_certifications_templates` FOREIGN KEY (`certification_template_id`) REFERENCES `tbl_certifications_templates` (`id`) ON DELETE CASCADE ON UPDATE CASCADE,
  CONSTRAINT `FK_tbl_certifications_tbl_clients` FOREIGN KEY (`client_id`) REFERENCES `tbl_clients` (`id`) ON DELETE CASCADE ON UPDATE CASCADE,
  CONSTRAINT `FK_tbl_certifications_tbl_users` FOREIGN KEY (`user_id`) REFERENCES `tbl_users` (`id`) ON UPDATE CASCADE
) ENGINE=InnoDB AUTO_INCREMENT=636 DEFAULT CHARSET=utf8;

-- Dumping data for table db_ylf_certification.tbl_certifications: ~505 rows (approximately)
/*!40000 ALTER TABLE `tbl_certifications` DISABLE KEYS */;
INSERT IGNORE INTO `tbl_certifications` (`id`, `client_id`, `certification_template_id`, `user_id`, `creation`) VALUES
	(1, 1, 1, 1, '2019-09-02 22:54:57'),
	(2, 2, 1, 1, '2019-09-02 22:54:57'),
	(3, 3, 1, 1, '2019-09-02 22:54:57'),
	(4, 4, 1, 1, '2019-09-02 22:54:57'),
	(5, 5, 1, 1, '2019-09-02 22:54:57'),
	(6, 6, 1, 1, '2019-09-02 22:54:57'),
	(7, 7, 1, 1, '2019-09-02 22:54:57'),
	(8, 8, 1, 1, '2019-09-02 22:54:57'),
	(9, 9, 1, 1, '2019-09-02 22:54:57'),
	(10, 10, 1, 1, '2019-09-02 22:54:57'),
	(11, 11, 1, 1, '2019-09-02 22:54:57'),
	(12, 12, 1, 1, '2019-09-02 22:54:57'),
	(13, 13, 1, 1, '2019-09-02 22:54:57'),
	(14, 14, 1, 1, '2019-09-02 22:54:57'),
	(15, 15, 1, 1, '2019-09-02 22:54:57'),
	(16, 16, 1, 1, '2019-09-02 22:54:57'),
	(17, 17, 1, 1, '2019-09-02 22:54:57'),
	(18, 18, 1, 1, '2019-09-02 22:54:57'),
	(19, 19, 1, 1, '2019-09-02 22:54:57'),
	(20, 20, 1, 1, '2019-09-02 22:54:57'),
	(21, 21, 1, 1, '2019-09-02 22:54:57'),
	(22, 22, 1, 1, '2019-09-02 22:54:57'),
	(23, 23, 1, 1, '2019-09-02 22:54:57'),
	(24, 24, 1, 1, '2019-09-02 22:54:58'),
	(25, 25, 1, 1, '2019-09-02 22:54:58'),
	(26, 26, 1, 1, '2019-09-02 22:54:58'),
	(27, 27, 1, 1, '2019-09-02 22:54:58'),
	(28, 28, 1, 1, '2019-09-02 22:54:58'),
	(29, 29, 1, 1, '2019-09-02 22:54:58'),
	(30, 30, 1, 1, '2019-09-02 22:54:58'),
	(31, 31, 1, 1, '2019-09-02 22:54:58'),
	(32, 32, 1, 1, '2019-09-02 22:54:58'),
	(33, 33, 1, 1, '2019-09-02 22:54:58'),
	(34, 34, 1, 1, '2019-09-02 22:54:58'),
	(35, 35, 1, 1, '2019-09-02 22:54:58'),
	(36, 36, 1, 1, '2019-09-02 22:54:58'),
	(37, 37, 1, 1, '2019-09-02 22:54:58'),
	(38, 38, 1, 1, '2019-09-02 22:54:58'),
	(39, 39, 1, 1, '2019-09-02 22:54:58'),
	(40, 40, 1, 1, '2019-09-02 22:54:58'),
	(41, 41, 1, 1, '2019-09-02 22:54:58'),
	(42, 42, 1, 1, '2019-09-02 22:54:58'),
	(43, 43, 1, 1, '2019-09-02 22:54:58'),
	(44, 44, 1, 1, '2019-09-02 22:54:58'),
	(45, 45, 1, 1, '2019-09-02 22:54:58'),
	(46, 46, 1, 1, '2019-09-02 22:54:58'),
	(47, 47, 1, 1, '2019-09-02 22:54:58'),
	(48, 48, 1, 1, '2019-09-02 22:54:58'),
	(49, 49, 1, 1, '2019-09-02 22:54:58'),
	(50, 50, 1, 1, '2019-09-02 22:54:58'),
	(51, 51, 1, 1, '2019-09-02 22:54:58'),
	(52, 52, 1, 1, '2019-09-02 22:54:58'),
	(53, 53, 1, 1, '2019-09-02 22:54:58'),
	(54, 54, 1, 1, '2019-09-02 22:54:58'),
	(55, 55, 1, 1, '2019-09-02 22:54:58'),
	(56, 56, 1, 1, '2019-09-02 22:54:58'),
	(57, 57, 1, 1, '2019-09-02 22:54:58'),
	(58, 58, 1, 1, '2019-09-02 22:54:58'),
	(59, 59, 1, 1, '2019-09-02 22:54:58'),
	(60, 60, 1, 1, '2019-09-02 22:54:58'),
	(61, 61, 1, 1, '2019-09-02 22:54:58'),
	(62, 62, 1, 1, '2019-09-02 22:54:58'),
	(63, 63, 1, 1, '2019-09-02 22:54:58'),
	(64, 64, 1, 1, '2019-09-02 22:54:58'),
	(65, 65, 1, 1, '2019-09-02 22:54:58'),
	(66, 66, 1, 1, '2019-09-02 22:54:58'),
	(67, 67, 1, 1, '2019-09-02 22:54:58'),
	(68, 68, 1, 1, '2019-09-02 22:54:58'),
	(69, 69, 1, 1, '2019-09-02 22:54:58'),
	(70, 70, 1, 1, '2019-09-02 22:54:58'),
	(71, 71, 1, 1, '2019-09-02 22:54:58'),
	(72, 72, 1, 1, '2019-09-02 22:54:58'),
	(73, 73, 1, 1, '2019-09-02 22:54:58'),
	(74, 74, 1, 1, '2019-09-02 22:54:58'),
	(75, 75, 1, 1, '2019-09-02 22:54:58'),
	(76, 76, 1, 1, '2019-09-02 22:54:58'),
	(77, 77, 1, 1, '2019-09-02 22:54:58'),
	(78, 78, 1, 1, '2019-09-02 22:54:58'),
	(79, 79, 1, 1, '2019-09-02 22:54:58'),
	(80, 80, 1, 1, '2019-09-02 22:54:58'),
	(81, 81, 1, 1, '2019-09-02 22:54:58'),
	(82, 82, 1, 1, '2019-09-02 22:54:58'),
	(83, 83, 1, 1, '2019-09-02 22:54:58'),
	(84, 84, 1, 1, '2019-09-02 22:54:58'),
	(85, 85, 1, 1, '2019-09-02 22:54:58'),
	(86, 86, 1, 1, '2019-09-02 22:54:58'),
	(87, 87, 1, 1, '2019-09-02 22:54:58'),
	(88, 88, 1, 1, '2019-09-02 22:54:58'),
	(89, 89, 1, 1, '2019-09-02 22:54:58'),
	(90, 90, 1, 1, '2019-09-02 22:54:58'),
	(91, 91, 1, 1, '2019-09-02 22:54:58'),
	(92, 92, 1, 1, '2019-09-02 22:54:58'),
	(93, 93, 1, 1, '2019-09-02 22:54:58'),
	(94, 94, 1, 1, '2019-09-02 22:54:58'),
	(95, 95, 1, 1, '2019-09-02 22:54:58'),
	(96, 96, 1, 1, '2019-09-02 22:54:58'),
	(97, 97, 1, 1, '2019-09-02 22:54:58'),
	(98, 98, 1, 1, '2019-09-02 22:54:58'),
	(99, 99, 1, 1, '2019-09-02 22:54:58'),
	(100, 100, 1, 1, '2019-09-02 22:54:58'),
	(101, 101, 1, 1, '2019-09-02 22:54:58'),
	(102, 102, 1, 1, '2019-09-02 22:54:58'),
	(103, 103, 1, 1, '2019-09-02 22:54:58'),
	(104, 104, 1, 1, '2019-09-02 22:54:58'),
	(105, 105, 1, 1, '2019-09-02 22:54:58'),
	(106, 106, 1, 1, '2019-09-02 22:54:58'),
	(107, 107, 1, 1, '2019-09-02 22:54:58'),
	(108, 108, 1, 1, '2019-09-02 22:54:58'),
	(109, 109, 1, 1, '2019-09-02 22:54:58'),
	(110, 110, 1, 1, '2019-09-02 22:54:58'),
	(111, 111, 1, 1, '2019-09-02 22:54:58'),
	(112, 112, 1, 1, '2019-09-02 22:54:58'),
	(113, 113, 1, 1, '2019-09-02 22:54:58'),
	(114, 114, 1, 1, '2019-09-02 22:54:58'),
	(115, 115, 1, 1, '2019-09-02 22:54:58'),
	(116, 116, 1, 1, '2019-09-02 22:54:58'),
	(117, 117, 1, 1, '2019-09-02 22:54:58'),
	(118, 118, 1, 1, '2019-09-02 22:54:58'),
	(119, 119, 1, 1, '2019-09-02 22:54:58'),
	(120, 120, 1, 1, '2019-09-02 22:54:58'),
	(121, 121, 1, 1, '2019-09-02 22:54:58'),
	(122, 122, 1, 1, '2019-09-02 22:54:58'),
	(123, 123, 1, 1, '2019-09-02 22:54:58'),
	(124, 124, 1, 1, '2019-09-02 22:54:58'),
	(125, 125, 1, 1, '2019-09-02 22:54:58'),
	(126, 126, 1, 1, '2019-09-02 22:54:58'),
	(127, 127, 1, 1, '2019-09-02 22:54:58'),
	(128, 128, 1, 1, '2019-09-02 22:54:58'),
	(129, 129, 1, 1, '2019-09-02 22:54:58'),
	(130, 130, 1, 1, '2019-09-02 22:54:58'),
	(131, 131, 1, 1, '2019-09-02 22:54:58'),
	(132, 132, 1, 1, '2019-09-02 22:54:58'),
	(133, 133, 1, 1, '2019-09-02 22:54:58'),
	(134, 134, 1, 1, '2019-09-02 22:54:58'),
	(135, 135, 1, 1, '2019-09-02 22:54:58'),
	(136, 136, 1, 1, '2019-09-02 22:54:58'),
	(137, 137, 1, 1, '2019-09-02 22:54:58'),
	(138, 138, 1, 1, '2019-09-02 22:54:58'),
	(139, 139, 1, 1, '2019-09-02 22:54:58'),
	(140, 140, 1, 1, '2019-09-02 22:54:58'),
	(141, 141, 1, 1, '2019-09-02 22:54:58'),
	(142, 142, 1, 1, '2019-09-02 22:54:58'),
	(143, 143, 1, 1, '2019-09-02 22:54:58'),
	(144, 144, 1, 1, '2019-09-02 22:54:58'),
	(145, 145, 1, 1, '2019-09-02 22:54:58'),
	(146, 146, 1, 1, '2019-09-02 22:54:58'),
	(147, 147, 1, 1, '2019-09-02 22:54:58'),
	(148, 148, 1, 1, '2019-09-02 22:54:58'),
	(149, 149, 1, 1, '2019-09-02 22:54:58'),
	(150, 150, 1, 1, '2019-09-02 22:54:58'),
	(151, 151, 1, 1, '2019-09-02 22:54:58'),
	(152, 152, 1, 1, '2019-09-02 22:54:58'),
	(153, 153, 1, 1, '2019-09-02 22:54:58'),
	(154, 154, 1, 1, '2019-09-02 22:54:58'),
	(155, 155, 1, 1, '2019-09-02 22:54:58'),
	(156, 156, 1, 1, '2019-09-02 22:54:58'),
	(157, 157, 1, 1, '2019-09-02 22:54:58'),
	(158, 158, 1, 1, '2019-09-02 22:54:58'),
	(159, 159, 1, 1, '2019-09-02 22:54:58'),
	(160, 160, 1, 1, '2019-09-02 22:54:58'),
	(161, 161, 1, 1, '2019-09-02 22:54:58'),
	(162, 162, 1, 1, '2019-09-02 22:54:58'),
	(163, 163, 1, 1, '2019-09-02 22:54:58'),
	(164, 164, 1, 1, '2019-09-02 22:54:58'),
	(165, 165, 1, 1, '2019-09-02 22:54:58'),
	(166, 166, 1, 1, '2019-09-02 22:54:58'),
	(167, 167, 1, 1, '2019-09-02 22:54:58'),
	(168, 168, 1, 1, '2019-09-02 22:54:58'),
	(169, 169, 1, 1, '2019-09-02 22:54:58'),
	(170, 170, 1, 1, '2019-09-02 22:54:58'),
	(171, 171, 1, 1, '2019-09-02 22:54:58'),
	(172, 172, 1, 1, '2019-09-02 22:54:58'),
	(173, 173, 1, 1, '2019-09-02 22:54:58'),
	(174, 174, 1, 1, '2019-09-02 22:54:58'),
	(175, 175, 1, 1, '2019-09-02 22:54:58'),
	(176, 176, 1, 1, '2019-09-02 22:54:58'),
	(177, 177, 1, 1, '2019-09-02 22:54:58'),
	(178, 178, 1, 1, '2019-09-02 22:54:58'),
	(179, 179, 1, 1, '2019-09-02 22:54:58'),
	(180, 180, 1, 1, '2019-09-02 22:54:58'),
	(181, 181, 1, 1, '2019-09-02 22:54:58'),
	(182, 182, 1, 1, '2019-09-02 22:54:58'),
	(183, 183, 1, 1, '2019-09-02 22:54:58'),
	(184, 184, 1, 1, '2019-09-02 22:54:58'),
	(185, 185, 1, 1, '2019-09-02 22:54:58'),
	(186, 186, 1, 1, '2019-09-02 22:54:58'),
	(187, 187, 1, 1, '2019-09-02 22:54:58'),
	(188, 188, 1, 1, '2019-09-02 22:54:58'),
	(189, 189, 1, 1, '2019-09-02 22:54:58'),
	(190, 190, 1, 1, '2019-09-02 22:54:58'),
	(191, 191, 1, 1, '2019-09-02 22:54:58'),
	(192, 192, 1, 1, '2019-09-02 22:54:58'),
	(193, 193, 1, 1, '2019-09-02 22:54:58'),
	(194, 194, 1, 1, '2019-09-02 22:54:58'),
	(195, 195, 1, 1, '2019-09-02 22:54:58'),
	(196, 196, 1, 1, '2019-09-02 22:54:58'),
	(197, 197, 1, 1, '2019-09-02 22:54:58'),
	(198, 198, 1, 1, '2019-09-02 22:54:58'),
	(199, 199, 1, 1, '2019-09-02 22:54:58'),
	(200, 200, 1, 1, '2019-09-02 22:54:58'),
	(201, 201, 1, 1, '2019-09-02 22:54:58'),
	(202, 202, 1, 1, '2019-09-02 22:54:58'),
	(294, 295, 2, 1, '2019-09-02 23:06:58'),
	(295, 296, 2, 1, '2019-09-02 23:06:58'),
	(296, 297, 2, 1, '2019-09-02 23:06:58'),
	(297, 298, 2, 1, '2019-09-02 23:06:58'),
	(298, 299, 2, 1, '2019-09-02 23:06:58'),
	(299, 300, 2, 1, '2019-09-02 23:06:58'),
	(300, 301, 2, 1, '2019-09-02 23:06:58'),
	(301, 302, 2, 1, '2019-09-02 23:06:58'),
	(302, 303, 2, 1, '2019-09-02 23:06:58'),
	(303, 304, 2, 1, '2019-09-02 23:06:58'),
	(304, 305, 2, 1, '2019-09-02 23:06:58'),
	(305, 306, 2, 1, '2019-09-02 23:06:58'),
	(306, 307, 2, 1, '2019-09-02 23:06:58'),
	(307, 308, 2, 1, '2019-09-02 23:06:58'),
	(308, 309, 2, 1, '2019-09-02 23:06:58'),
	(309, 310, 2, 1, '2019-09-02 23:06:58'),
	(310, 311, 2, 1, '2019-09-02 23:06:58'),
	(311, 312, 2, 1, '2019-09-02 23:06:58'),
	(312, 313, 2, 1, '2019-09-02 23:06:58'),
	(313, 314, 2, 1, '2019-09-02 23:06:58'),
	(314, 315, 2, 1, '2019-09-02 23:06:58'),
	(315, 316, 2, 1, '2019-09-02 23:06:58'),
	(316, 317, 2, 1, '2019-09-02 23:06:58'),
	(317, 318, 2, 1, '2019-09-02 23:06:58'),
	(318, 319, 2, 1, '2019-09-02 23:06:58'),
	(319, 320, 2, 1, '2019-09-02 23:06:58'),
	(320, 321, 2, 1, '2019-09-02 23:06:58'),
	(321, 322, 2, 1, '2019-09-02 23:06:58'),
	(322, 323, 2, 1, '2019-09-02 23:06:58'),
	(323, 324, 2, 1, '2019-09-02 23:06:58'),
	(324, 325, 2, 1, '2019-09-02 23:06:58'),
	(325, 326, 2, 1, '2019-09-02 23:06:58'),
	(326, 327, 2, 1, '2019-09-02 23:06:58'),
	(327, 328, 2, 1, '2019-09-02 23:06:58'),
	(328, 329, 2, 1, '2019-09-02 23:06:58'),
	(329, 330, 2, 1, '2019-09-02 23:06:58'),
	(330, 331, 2, 1, '2019-09-02 23:06:58'),
	(331, 332, 2, 1, '2019-09-02 23:06:58'),
	(332, 333, 2, 1, '2019-09-02 23:06:58'),
	(333, 334, 2, 1, '2019-09-02 23:06:58'),
	(334, 335, 2, 1, '2019-09-02 23:06:58'),
	(335, 336, 2, 1, '2019-09-02 23:06:58'),
	(336, 337, 2, 1, '2019-09-02 23:06:58'),
	(337, 338, 2, 1, '2019-09-02 23:06:58'),
	(338, 339, 2, 1, '2019-09-02 23:06:58'),
	(339, 340, 2, 1, '2019-09-02 23:06:58'),
	(340, 341, 2, 1, '2019-09-02 23:06:58'),
	(341, 342, 2, 1, '2019-09-02 23:06:58'),
	(342, 343, 2, 1, '2019-09-02 23:06:58'),
	(343, 344, 2, 1, '2019-09-02 23:06:58'),
	(344, 345, 2, 1, '2019-09-02 23:06:58'),
	(345, 346, 2, 1, '2019-09-02 23:06:58'),
	(346, 347, 2, 1, '2019-09-02 23:06:58'),
	(347, 348, 2, 1, '2019-09-02 23:06:58'),
	(348, 349, 2, 1, '2019-09-02 23:06:58'),
	(349, 350, 2, 1, '2019-09-02 23:06:58'),
	(350, 351, 2, 1, '2019-09-02 23:06:58'),
	(351, 352, 2, 1, '2019-09-02 23:06:58'),
	(352, 353, 2, 1, '2019-09-02 23:06:58'),
	(353, 354, 2, 1, '2019-09-02 23:06:58'),
	(354, 355, 2, 1, '2019-09-02 23:06:58'),
	(355, 356, 2, 1, '2019-09-02 23:06:58'),
	(356, 357, 2, 1, '2019-09-02 23:06:58'),
	(357, 358, 2, 1, '2019-09-02 23:06:58'),
	(358, 359, 2, 1, '2019-09-02 23:06:58'),
	(359, 360, 2, 1, '2019-09-02 23:06:58'),
	(360, 361, 2, 1, '2019-09-02 23:06:58'),
	(361, 362, 2, 1, '2019-09-02 23:06:58'),
	(362, 363, 2, 1, '2019-09-02 23:06:58'),
	(363, 364, 2, 1, '2019-09-02 23:06:58'),
	(364, 365, 2, 1, '2019-09-02 23:06:58'),
	(365, 366, 2, 1, '2019-09-02 23:06:58'),
	(366, 367, 2, 1, '2019-09-02 23:06:58'),
	(367, 368, 2, 1, '2019-09-02 23:06:58'),
	(368, 369, 2, 1, '2019-09-02 23:06:58'),
	(369, 370, 2, 1, '2019-09-02 23:06:58'),
	(370, 371, 2, 1, '2019-09-02 23:06:58'),
	(371, 372, 2, 1, '2019-09-02 23:06:58'),
	(372, 373, 2, 1, '2019-09-02 23:06:58'),
	(373, 374, 2, 1, '2019-09-02 23:06:58'),
	(374, 375, 2, 1, '2019-09-02 23:06:58'),
	(375, 376, 2, 1, '2019-09-02 23:06:58'),
	(376, 377, 2, 1, '2019-09-02 23:06:58'),
	(377, 378, 2, 1, '2019-09-02 23:06:58'),
	(378, 379, 2, 1, '2019-09-02 23:06:58'),
	(379, 380, 2, 1, '2019-09-02 23:06:58'),
	(380, 381, 2, 1, '2019-09-02 23:06:58'),
	(381, 382, 2, 1, '2019-09-02 23:06:58'),
	(382, 383, 2, 1, '2019-09-02 23:06:58'),
	(383, 384, 2, 1, '2019-09-02 23:06:58'),
	(384, 385, 2, 1, '2019-09-02 23:06:58'),
	(385, 386, 2, 1, '2019-09-02 23:06:58'),
	(386, 22, 3, 1, '2019-09-02 23:55:02'),
	(387, 23, 3, 1, '2019-09-02 23:55:02'),
	(388, 28, 3, 1, '2019-09-02 23:55:02'),
	(389, 40, 3, 1, '2019-09-02 23:55:02'),
	(390, 51, 3, 1, '2019-09-02 23:55:02'),
	(391, 60, 3, 1, '2019-09-02 23:55:02'),
	(392, 61, 3, 1, '2019-09-02 23:55:02'),
	(393, 65, 3, 1, '2019-09-02 23:55:02'),
	(394, 79, 3, 1, '2019-09-02 23:55:02'),
	(395, 80, 3, 1, '2019-09-02 23:55:02'),
	(396, 90, 3, 1, '2019-09-02 23:55:02'),
	(397, 348, 3, 1, '2019-09-02 23:55:02'),
	(398, 179, 3, 1, '2019-09-02 23:55:02'),
	(399, 112, 3, 1, '2019-09-02 23:55:02'),
	(400, 42, 3, 1, '2019-09-02 23:55:02'),
	(401, 141, 3, 1, '2019-09-02 23:55:02'),
	(402, 165, 3, 1, '2019-09-02 23:55:02'),
	(403, 167, 3, 1, '2019-09-02 23:55:02'),
	(404, 304, 3, 1, '2019-09-02 23:55:02'),
	(405, 43, 4, 1, '2019-09-02 23:58:12'),
	(406, 19, 4, 1, '2019-09-02 23:58:12'),
	(407, 53, 4, 1, '2019-09-02 23:58:12'),
	(408, 122, 4, 1, '2019-09-02 23:58:12'),
	(409, 10, 5, 1, '2019-09-03 00:03:53'),
	(410, 15, 5, 1, '2019-09-03 00:03:53'),
	(411, 135, 5, 1, '2019-09-03 00:03:53'),
	(412, 9, 5, 1, '2019-09-03 00:03:53'),
	(413, 26, 5, 1, '2019-09-03 00:03:53'),
	(414, 25, 5, 1, '2019-09-03 00:03:53'),
	(415, 21, 5, 1, '2019-09-03 00:03:53'),
	(416, 302, 5, 1, '2019-09-03 00:03:53'),
	(417, 32, 5, 1, '2019-09-03 00:03:53'),
	(418, 114, 5, 1, '2019-09-03 00:03:53'),
	(419, 318, 5, 1, '2019-09-03 00:03:53'),
	(420, 49, 5, 1, '2019-09-03 00:03:53'),
	(421, 50, 5, 1, '2019-09-03 00:03:53'),
	(422, 56, 5, 1, '2019-09-03 00:03:53'),
	(423, 303, 5, 1, '2019-09-03 00:03:53'),
	(424, 327, 5, 1, '2019-09-03 00:03:53'),
	(425, 97, 5, 1, '2019-09-03 00:03:53'),
	(426, 98, 5, 1, '2019-09-03 00:03:53'),
	(427, 104, 5, 1, '2019-09-03 00:03:53'),
	(428, 130, 5, 1, '2019-09-03 00:03:53'),
	(429, 139, 5, 1, '2019-09-03 00:03:53'),
	(430, 359, 5, 1, '2019-09-03 00:03:53'),
	(431, 150, 5, 1, '2019-09-03 00:03:53'),
	(432, 168, 5, 1, '2019-09-03 00:03:53'),
	(433, 175, 5, 1, '2019-09-03 00:03:53'),
	(434, 181, 5, 1, '2019-09-03 00:03:53'),
	(435, 182, 5, 1, '2019-09-03 00:03:53'),
	(436, 379, 5, 1, '2019-09-03 00:03:53'),
	(437, 190, 5, 1, '2019-09-03 00:03:53'),
	(438, 189, 5, 1, '2019-09-03 00:03:53'),
	(439, 144, 5, 1, '2019-09-03 00:03:53'),
	(440, 187, 6, 1, '2019-09-03 00:06:24'),
	(441, 11, 6, 1, '2019-09-03 00:06:24'),
	(442, 14, 6, 1, '2019-09-03 00:06:24'),
	(443, 4, 6, 1, '2019-09-03 00:06:24'),
	(444, 7, 6, 1, '2019-09-03 00:06:24'),
	(445, 37, 6, 1, '2019-09-03 00:06:24'),
	(446, 311, 6, 1, '2019-09-03 00:06:24'),
	(447, 177, 6, 1, '2019-09-03 00:06:24'),
	(448, 318, 6, 1, '2019-09-03 00:06:24'),
	(449, 48, 6, 1, '2019-09-03 00:06:24'),
	(450, 57, 6, 1, '2019-09-03 00:06:24'),
	(451, 63, 6, 1, '2019-09-03 00:06:24'),
	(452, 64, 6, 1, '2019-09-03 00:06:24'),
	(453, 68, 6, 1, '2019-09-03 00:06:24'),
	(454, 328, 6, 1, '2019-09-03 00:06:24'),
	(455, 78, 6, 1, '2019-09-03 00:06:24'),
	(456, 83, 6, 1, '2019-09-03 00:06:24'),
	(457, 154, 6, 1, '2019-09-03 00:06:24'),
	(458, 109, 6, 1, '2019-09-03 00:06:24'),
	(459, 346, 6, 1, '2019-09-03 00:06:24'),
	(460, 100, 6, 1, '2019-09-03 00:06:24'),
	(461, 108, 6, 1, '2019-09-03 00:06:24'),
	(462, 110, 6, 1, '2019-09-03 00:06:24'),
	(463, 125, 6, 1, '2019-09-03 00:06:24'),
	(464, 131, 6, 1, '2019-09-03 00:06:24'),
	(465, 120, 6, 1, '2019-09-03 00:06:24'),
	(466, 129, 6, 1, '2019-09-03 00:06:24'),
	(467, 132, 6, 1, '2019-09-03 00:06:24'),
	(468, 359, 6, 1, '2019-09-03 00:06:24'),
	(469, 138, 6, 1, '2019-09-03 00:06:24'),
	(470, 140, 6, 1, '2019-09-03 00:06:24'),
	(471, 361, 6, 1, '2019-09-03 00:06:24'),
	(472, 149, 6, 1, '2019-09-03 00:06:24'),
	(473, 152, 6, 1, '2019-09-03 00:06:24'),
	(474, 162, 6, 1, '2019-09-03 00:06:24'),
	(475, 178, 6, 1, '2019-09-03 00:06:24'),
	(476, 376, 6, 1, '2019-09-03 00:06:24'),
	(477, 380, 6, 1, '2019-09-03 00:06:24'),
	(478, 192, 6, 1, '2019-09-03 00:06:24'),
	(479, 201, 6, 1, '2019-09-03 00:06:24'),
	(480, 116, 7, 1, '2019-09-03 00:12:12'),
	(481, 5, 7, 1, '2019-09-03 00:12:12'),
	(482, 6, 7, 1, '2019-09-03 00:12:12'),
	(483, 17, 7, 1, '2019-09-03 00:12:12'),
	(484, 107, 7, 1, '2019-09-03 00:12:12'),
	(485, 30, 7, 1, '2019-09-03 00:12:12'),
	(486, 309, 7, 1, '2019-09-03 00:12:12'),
	(487, 39, 7, 1, '2019-09-03 00:12:12'),
	(488, 35, 7, 1, '2019-09-03 00:12:12'),
	(489, 33, 7, 1, '2019-09-03 00:12:12'),
	(490, 349, 7, 1, '2019-09-03 00:12:12'),
	(491, 312, 7, 1, '2019-09-03 00:12:12'),
	(492, 318, 7, 1, '2019-09-03 00:12:12'),
	(493, 317, 7, 1, '2019-09-03 00:12:12'),
	(494, 295, 7, 1, '2019-09-03 00:12:12'),
	(495, 128, 7, 1, '2019-09-03 00:12:12'),
	(496, 75, 7, 1, '2019-09-03 00:12:12'),
	(497, 330, 7, 1, '2019-09-03 00:12:12'),
	(498, 331, 7, 1, '2019-09-03 00:12:12'),
	(499, 67, 7, 1, '2019-09-03 00:12:12'),
	(500, 69, 7, 1, '2019-09-03 00:12:12'),
	(501, 76, 7, 1, '2019-09-03 00:12:13'),
	(502, 332, 7, 1, '2019-09-03 00:12:13'),
	(503, 73, 7, 1, '2019-09-03 00:12:13'),
	(504, 115, 7, 1, '2019-09-03 00:12:13'),
	(505, 3, 7, 1, '2019-09-03 00:12:13'),
	(506, 82, 7, 1, '2019-09-03 00:12:13'),
	(507, 13, 7, 1, '2019-09-03 00:12:13'),
	(508, 74, 7, 1, '2019-09-03 00:12:13'),
	(509, 93, 7, 1, '2019-09-03 00:12:13'),
	(510, 86, 7, 1, '2019-09-03 00:12:13'),
	(511, 88, 7, 1, '2019-09-03 00:12:13'),
	(512, 89, 7, 1, '2019-09-03 00:12:13'),
	(513, 91, 7, 1, '2019-09-03 00:12:13'),
	(514, 92, 7, 1, '2019-09-03 00:12:13'),
	(515, 105, 7, 1, '2019-09-03 00:12:13'),
	(516, 103, 7, 1, '2019-09-03 00:12:13'),
	(517, 174, 7, 1, '2019-09-03 00:12:13'),
	(518, 99, 7, 1, '2019-09-03 00:12:13'),
	(519, 118, 7, 1, '2019-09-03 00:12:13'),
	(520, 117, 7, 1, '2019-09-03 00:12:13'),
	(521, 113, 7, 1, '2019-09-03 00:12:13'),
	(522, 121, 7, 1, '2019-09-03 00:12:13'),
	(523, 124, 7, 1, '2019-09-03 00:12:13'),
	(524, 355, 7, 1, '2019-09-03 00:12:13'),
	(525, 356, 7, 1, '2019-09-03 00:12:13'),
	(526, 357, 7, 1, '2019-09-03 00:12:13'),
	(527, 137, 7, 1, '2019-09-03 00:12:13'),
	(528, 359, 7, 1, '2019-09-03 00:12:13'),
	(529, 363, 7, 1, '2019-09-03 00:12:13'),
	(530, 146, 7, 1, '2019-09-03 00:12:13'),
	(531, 151, 7, 1, '2019-09-03 00:12:13'),
	(532, 148, 7, 1, '2019-09-03 00:12:13'),
	(533, 31, 7, 1, '2019-09-03 00:12:13'),
	(534, 155, 7, 1, '2019-09-03 00:12:13'),
	(535, 367, 7, 1, '2019-09-03 00:12:13'),
	(536, 158, 7, 1, '2019-09-03 00:12:13'),
	(537, 368, 7, 1, '2019-09-03 00:12:13'),
	(538, 166, 7, 1, '2019-09-03 00:12:13'),
	(539, 163, 7, 1, '2019-09-03 00:12:13'),
	(540, 173, 7, 1, '2019-09-03 00:12:13'),
	(541, 172, 7, 1, '2019-09-03 00:12:13'),
	(542, 164, 7, 1, '2019-09-03 00:12:13'),
	(543, 170, 7, 1, '2019-09-03 00:12:13'),
	(544, 45, 7, 1, '2019-09-03 00:12:13'),
	(545, 376, 7, 1, '2019-09-03 00:12:13'),
	(546, 378, 7, 1, '2019-09-03 00:12:13'),
	(547, 18, 7, 1, '2019-09-03 00:12:13'),
	(548, 185, 7, 1, '2019-09-03 00:12:13'),
	(549, 186, 7, 1, '2019-09-03 00:12:13'),
	(550, 197, 7, 1, '2019-09-03 00:12:13'),
	(551, 196, 7, 1, '2019-09-03 00:12:13'),
	(552, 193, 7, 1, '2019-09-03 00:12:13'),
	(553, 384, 7, 1, '2019-09-03 00:12:13'),
	(554, 202, 7, 1, '2019-09-03 00:12:13'),
	(555, 199, 7, 1, '2019-09-03 00:12:13'),
	(571, 330, 1, 1, '2019-09-04 20:32:06'),
	(572, 330, 3, 1, '2019-09-04 20:32:06'),
	(573, 330, 4, 1, '2019-09-04 20:32:06'),
	(574, 330, 5, 1, '2019-09-04 20:32:06'),
	(575, 330, 6, 1, '2019-09-04 20:32:06'),
	(576, 330, 8, 1, '2019-09-04 20:32:06'),
	(583, 330, 9, 1, '2019-09-04 21:04:10'),
	(584, 330, 10, 1, '2019-09-04 21:04:10'),
	(591, 330, 12, 1, '2019-09-06 18:46:59'),
	(592, 330, 11, 1, '2019-09-06 20:01:18'),
	(593, 305, 11, 1, '2019-09-06 22:02:28'),
	(594, 365, 11, 1, '2019-09-06 22:02:28'),
	(595, 318, 11, 1, '2019-09-06 22:02:28'),
	(596, 46, 11, 1, '2019-09-06 22:02:28'),
	(597, 324, 11, 1, '2019-09-06 22:02:28'),
	(598, 326, 11, 1, '2019-09-06 22:02:28'),
	(599, 85, 11, 1, '2019-09-06 22:02:28'),
	(600, 160, 11, 1, '2019-09-06 22:02:28'),
	(601, 55, 11, 1, '2019-09-06 22:02:28'),
	(602, 347, 11, 1, '2019-09-06 22:02:28'),
	(603, 156, 11, 1, '2019-09-06 22:02:28'),
	(604, 374, 11, 1, '2019-09-06 22:02:28'),
	(605, 376, 11, 1, '2019-09-06 22:02:28'),
	(606, 381, 11, 1, '2019-09-06 22:02:28'),
	(607, 305, 12, 1, '2019-09-06 22:02:28'),
	(608, 365, 12, 1, '2019-09-06 22:02:28'),
	(609, 318, 12, 1, '2019-09-06 22:02:28'),
	(610, 46, 12, 1, '2019-09-06 22:02:28'),
	(611, 324, 12, 1, '2019-09-06 22:02:28'),
	(612, 326, 12, 1, '2019-09-06 22:02:28'),
	(613, 85, 12, 1, '2019-09-06 22:02:28'),
	(614, 160, 12, 1, '2019-09-06 22:02:28'),
	(615, 55, 12, 1, '2019-09-06 22:02:28'),
	(616, 347, 12, 1, '2019-09-06 22:02:28'),
	(617, 156, 12, 1, '2019-09-06 22:02:28'),
	(618, 374, 12, 1, '2019-09-06 22:02:28'),
	(619, 376, 12, 1, '2019-09-06 22:02:28'),
	(620, 381, 12, 1, '2019-09-06 22:02:28'),
	(621, 310, 7, 1, '2019-09-09 17:29:55'),
	(622, 390, 2, 1, '2019-09-09 17:37:11'),
	(623, 390, 3, 1, '2019-09-09 17:37:11'),
	(624, 391, 1, 1, '2019-09-15 21:53:47'),
	(625, 392, 1, 1, '2019-09-15 21:57:19'),
	(626, 392, 7, 1, '2019-09-15 21:57:19'),
	(627, 393, 1, 1, '2019-09-15 22:00:41'),
	(629, 393, 7, 1, '2019-09-15 22:00:41'),
	(630, 394, 1, 1, '2019-09-15 22:00:41'),
	(631, 394, 7, 1, '2019-09-15 22:00:41'),
	(632, 395, 2, 1, '2019-09-15 22:03:09'),
	(635, 195, 6, 1, '2019-09-02 22:54:58');
/*!40000 ALTER TABLE `tbl_certifications` ENABLE KEYS */;

-- Dumping structure for table db_ylf_certification.tbl_certifications_downloaded
CREATE TABLE IF NOT EXISTS `tbl_certifications_downloaded` (
  `id` int(11) NOT NULL AUTO_INCREMENT,
  `certification_id` int(11) NOT NULL,
  `creation` timestamp NOT NULL DEFAULT CURRENT_TIMESTAMP,
  PRIMARY KEY (`id`),
  UNIQUE KEY `id` (`id`),
  KEY `FK_tbl_certifications_downloaded_tbl_certifications` (`certification_id`),
  CONSTRAINT `FK_tbl_certifications_downloaded_tbl_certifications` FOREIGN KEY (`certification_id`) REFERENCES `tbl_certifications` (`id`) ON DELETE CASCADE ON UPDATE CASCADE
) ENGINE=InnoDB AUTO_INCREMENT=674 DEFAULT CHARSET=utf8;

-- Dumping data for table db_ylf_certification.tbl_certifications_downloaded: ~568 rows (approximately)
/*!40000 ALTER TABLE `tbl_certifications_downloaded` DISABLE KEYS */;
INSERT IGNORE INTO `tbl_certifications_downloaded` (`id`, `certification_id`, `creation`) VALUES
	(106, 619, '2019-09-06 14:11:41'),
	(107, 571, '2019-09-06 14:16:50'),
	(108, 309, '2019-09-06 14:16:53'),
	(109, 309, '2019-09-06 14:16:56'),
	(110, 300, '2019-09-06 14:17:14'),
	(111, 404, '2019-09-06 14:19:00'),
	(112, 375, '2019-09-06 14:19:09'),
	(113, 375, '2019-09-06 14:19:16'),
	(114, 303, '2019-09-06 14:19:41'),
	(115, 375, '2019-09-06 14:19:55'),
	(116, 476, '2019-09-06 14:19:59'),
	(117, 545, '2019-09-06 14:20:03'),
	(118, 619, '2019-09-06 14:20:07'),
	(119, 375, '2019-09-06 14:20:32'),
	(120, 356, '2019-09-06 14:23:06'),
	(121, 526, '2019-09-06 14:24:47'),
	(122, 83, '2019-09-06 14:27:47'),
	(123, 456, '2019-09-06 14:27:57'),
	(124, 83, '2019-09-06 14:28:00'),
	(125, 83, '2019-09-06 14:28:02'),
	(126, 456, '2019-09-06 14:28:09'),
	(127, 456, '2019-09-06 14:28:11'),
	(128, 343, '2019-09-06 14:32:39'),
	(129, 476, '2019-09-06 14:34:00'),
	(130, 476, '2019-09-06 14:34:06'),
	(131, 545, '2019-09-06 14:34:11'),
	(132, 375, '2019-09-06 14:34:18'),
	(133, 419, '2019-09-06 14:34:55'),
	(134, 609, '2019-09-06 14:35:07'),
	(135, 595, '2019-09-06 14:35:52'),
	(136, 375, '2019-09-06 14:44:00'),
	(137, 476, '2019-09-06 14:44:10'),
	(138, 545, '2019-09-06 14:44:14'),
	(139, 605, '2019-09-06 14:44:16'),
	(140, 619, '2019-09-06 14:44:19'),
	(141, 380, '2019-09-06 14:55:25'),
	(142, 571, '2019-09-06 14:58:21'),
	(143, 375, '2019-09-06 15:02:28'),
	(144, 545, '2019-09-06 15:02:44'),
	(145, 476, '2019-09-06 15:02:46'),
	(146, 619, '2019-09-06 15:03:42'),
	(147, 476, '2019-09-06 15:06:55'),
	(148, 352, '2019-09-06 15:28:50'),
	(149, 606, '2019-09-06 16:11:40'),
	(150, 620, '2019-09-06 16:12:34'),
	(151, 373, '2019-09-06 16:14:07'),
	(152, 373, '2019-09-06 16:14:09'),
	(153, 373, '2019-09-06 16:14:12'),
	(154, 373, '2019-09-06 16:14:14'),
	(155, 618, '2019-09-06 16:14:19'),
	(156, 502, '2019-09-06 16:14:22'),
	(157, 604, '2019-09-06 16:14:28'),
	(158, 618, '2019-09-06 16:14:33'),
	(159, 618, '2019-09-06 16:14:34'),
	(160, 604, '2019-09-06 16:14:43'),
	(161, 604, '2019-09-06 16:14:44'),
	(162, 604, '2019-09-06 16:14:44'),
	(163, 604, '2019-09-06 16:14:44'),
	(164, 354, '2019-09-06 16:33:30'),
	(165, 524, '2019-09-06 16:33:58'),
	(166, 354, '2019-09-06 16:34:32'),
	(167, 314, '2019-09-06 16:42:21'),
	(168, 76, '2019-09-06 17:02:58'),
	(169, 119, '2019-09-06 17:03:13'),
	(170, 501, '2019-09-06 17:03:16'),
	(171, 122, '2019-09-06 17:03:22'),
	(172, 408, '2019-09-06 17:03:38'),
	(173, 501, '2019-09-06 17:03:43'),
	(174, 527, '2019-09-06 17:03:51'),
	(175, 393, '2019-09-06 17:03:51'),
	(176, 393, '2019-09-06 17:04:03'),
	(177, 393, '2019-09-06 17:04:07'),
	(178, 439, '2019-09-06 17:04:25'),
	(179, 523, '2019-09-06 17:06:02'),
	(180, 393, '2019-09-06 17:06:02'),
	(181, 393, '2019-09-06 17:06:02'),
	(182, 185, '2019-09-06 17:06:02'),
	(183, 393, '2019-09-06 17:06:02'),
	(184, 523, '2019-09-06 17:06:02'),
	(185, 523, '2019-09-06 17:06:02'),
	(186, 393, '2019-09-06 17:06:04'),
	(187, 96, '2019-09-06 17:06:20'),
	(188, 548, '2019-09-06 17:06:21'),
	(189, 403, '2019-09-06 17:06:28'),
	(190, 4, '2019-09-06 17:06:33'),
	(191, 413, '2019-09-06 17:09:01'),
	(192, 443, '2019-09-06 17:09:01'),
	(193, 548, '2019-09-06 17:09:01'),
	(194, 26, '2019-09-06 17:09:01'),
	(195, 125, '2019-09-06 17:09:01'),
	(196, 443, '2019-09-06 17:09:01'),
	(197, 443, '2019-09-06 17:09:01'),
	(198, 443, '2019-09-06 17:09:01'),
	(199, 443, '2019-09-06 17:09:01'),
	(200, 548, '2019-09-06 17:09:01'),
	(201, 548, '2019-09-06 17:09:02'),
	(202, 548, '2019-09-06 17:18:02'),
	(203, 105, '2019-09-06 17:28:05'),
	(204, 329, '2019-09-06 17:28:23'),
	(205, 529, '2019-09-06 17:28:27'),
	(206, 362, '2019-09-06 17:29:18'),
	(207, 129, '2019-09-06 17:29:40'),
	(208, 129, '2019-09-06 17:29:41'),
	(209, 129, '2019-09-06 17:29:44'),
	(210, 466, '2019-09-06 17:29:47'),
	(211, 466, '2019-09-06 17:29:49'),
	(212, 515, '2019-09-06 17:29:49'),
	(213, 466, '2019-09-06 17:29:56'),
	(214, 41, '2019-09-06 17:30:00'),
	(215, 41, '2019-09-06 17:30:09'),
	(216, 70, '2019-09-06 17:30:42'),
	(217, 125, '2019-09-06 17:31:55'),
	(218, 618, '2019-09-06 17:31:58'),
	(219, 571, '2019-09-06 17:32:48'),
	(220, 155, '2019-09-06 17:33:04'),
	(221, 116, '2019-09-06 17:33:07'),
	(222, 480, '2019-09-06 17:33:12'),
	(223, 534, '2019-09-06 17:33:14'),
	(224, 534, '2019-09-06 17:33:21'),
	(225, 534, '2019-09-06 17:33:23'),
	(226, 534, '2019-09-06 17:33:27'),
	(227, 534, '2019-09-06 17:33:28'),
	(228, 534, '2019-09-06 17:33:41'),
	(229, 480, '2019-09-06 17:34:20'),
	(230, 116, '2019-09-06 17:34:27'),
	(231, 116, '2019-09-06 17:34:28'),
	(232, 116, '2019-09-06 17:34:31'),
	(233, 534, '2019-09-06 17:34:56'),
	(234, 534, '2019-09-06 17:35:08'),
	(235, 533, '2019-09-06 17:35:56'),
	(236, 155, '2019-09-06 17:36:02'),
	(237, 155, '2019-09-06 17:36:08'),
	(238, 534, '2019-09-06 17:36:13'),
	(239, 534, '2019-09-06 17:36:16'),
	(240, 534, '2019-09-06 17:36:18'),
	(241, 486, '2019-09-06 17:36:29'),
	(242, 571, '2019-09-06 17:37:13'),
	(243, 534, '2019-09-06 17:37:13'),
	(244, 308, '2019-09-06 17:37:15'),
	(245, 571, '2019-09-06 17:37:26'),
	(246, 571, '2019-09-06 17:37:28'),
	(247, 533, '2019-09-06 17:38:15'),
	(248, 534, '2019-09-06 17:38:22'),
	(249, 463, '2019-09-06 17:38:27'),
	(250, 534, '2019-09-06 17:38:50'),
	(251, 534, '2019-09-06 17:38:55'),
	(252, 513, '2019-09-06 17:39:22'),
	(253, 571, '2019-09-06 17:39:58'),
	(254, 571, '2019-09-06 17:40:07'),
	(255, 571, '2019-09-06 17:40:19'),
	(256, 533, '2019-09-06 17:41:14'),
	(257, 428, '2019-09-06 17:42:35'),
	(258, 534, '2019-09-06 17:44:11'),
	(259, 199, '2019-09-06 17:45:46'),
	(260, 555, '2019-09-06 17:46:17'),
	(261, 169, '2019-09-06 17:46:33'),
	(262, 169, '2019-09-06 17:46:43'),
	(263, 519, '2019-09-06 17:46:55'),
	(264, 169, '2019-09-06 17:46:55'),
	(265, 519, '2019-09-06 17:48:47'),
	(266, 495, '2019-09-06 17:58:06'),
	(267, 493, '2019-09-06 18:01:01'),
	(268, 493, '2019-09-06 18:01:40'),
	(269, 493, '2019-09-06 18:01:40'),
	(270, 316, '2019-09-06 18:02:13'),
	(271, 571, '2019-09-06 18:02:24'),
	(272, 370, '2019-09-06 18:07:52'),
	(273, 176, '2019-09-06 18:08:51'),
	(274, 618, '2019-09-06 18:12:23'),
	(275, 604, '2019-09-06 18:12:44'),
	(276, 604, '2019-09-06 18:12:46'),
	(277, 618, '2019-09-06 18:12:54'),
	(278, 416, '2019-09-06 18:16:41'),
	(279, 301, '2019-09-06 18:17:48'),
	(280, 110, '2019-09-06 18:20:23'),
	(281, 110, '2019-09-06 18:20:30'),
	(282, 462, '2019-09-06 18:20:56'),
	(283, 462, '2019-09-06 18:21:05'),
	(284, 604, '2019-09-06 18:21:13'),
	(285, 604, '2019-09-06 18:21:16'),
	(286, 10, '2019-09-06 18:21:19'),
	(287, 618, '2019-09-06 18:21:48'),
	(288, 618, '2019-09-06 18:21:50'),
	(289, 373, '2019-09-06 18:22:08'),
	(290, 373, '2019-09-06 18:22:11'),
	(291, 373, '2019-09-06 18:22:29'),
	(292, 373, '2019-09-06 18:22:32'),
	(293, 373, '2019-09-06 18:22:48'),
	(294, 373, '2019-09-06 18:22:50'),
	(295, 373, '2019-09-06 18:23:17'),
	(296, 373, '2019-09-06 18:23:23'),
	(297, 373, '2019-09-06 18:23:25'),
	(298, 373, '2019-09-06 18:23:34'),
	(299, 373, '2019-09-06 18:23:37'),
	(300, 480, '2019-09-06 18:23:46'),
	(301, 480, '2019-09-06 18:23:52'),
	(302, 116, '2019-09-06 18:23:57'),
	(303, 480, '2019-09-06 18:24:16'),
	(304, 480, '2019-09-06 18:24:18'),
	(305, 480, '2019-09-06 18:24:20'),
	(306, 480, '2019-09-06 18:24:22'),
	(307, 480, '2019-09-06 18:24:25'),
	(308, 480, '2019-09-06 18:24:28'),
	(309, 116, '2019-09-06 18:25:01'),
	(310, 116, '2019-09-06 18:25:03'),
	(311, 116, '2019-09-06 18:25:04'),
	(312, 130, '2019-09-06 18:25:26'),
	(313, 116, '2019-09-06 18:26:15'),
	(314, 480, '2019-09-06 18:26:36'),
	(315, 116, '2019-09-06 18:27:28'),
	(316, 116, '2019-09-06 18:27:29'),
	(317, 480, '2019-09-06 18:27:34'),
	(318, 116, '2019-09-06 18:28:08'),
	(319, 116, '2019-09-06 18:29:13'),
	(320, 504, '2019-09-06 18:36:25'),
	(321, 571, '2019-09-06 18:40:33'),
	(322, 329, '2019-09-06 18:40:45'),
	(323, 35, '2019-09-06 18:42:46'),
	(324, 488, '2019-09-06 18:43:03'),
	(325, 375, '2019-09-06 18:44:06'),
	(326, 375, '2019-09-06 18:44:06'),
	(327, 195, '2019-09-06 18:44:19'),
	(328, 572, '2019-09-06 18:44:20'),
	(329, 572, '2019-09-06 18:44:21'),
	(330, 73, '2019-09-06 18:44:26'),
	(331, 488, '2019-09-06 18:46:05'),
	(332, 476, '2019-09-06 18:47:15'),
	(333, 545, '2019-09-06 18:47:25'),
	(334, 545, '2019-09-06 18:47:26'),
	(335, 605, '2019-09-06 18:47:37'),
	(336, 619, '2019-09-06 18:47:49'),
	(337, 54, '2019-09-06 18:51:41'),
	(338, 173, '2019-09-06 18:54:16'),
	(339, 540, '2019-09-06 18:55:06'),
	(340, 26, '2019-09-06 18:56:49'),
	(341, 413, '2019-09-06 18:57:11'),
	(342, 30, '2019-09-06 18:57:55'),
	(343, 413, '2019-09-06 18:57:57'),
	(344, 30, '2019-09-06 18:58:02'),
	(345, 109, '2019-09-06 18:58:35'),
	(346, 458, '2019-09-06 18:58:40'),
	(347, 109, '2019-09-06 18:59:05'),
	(348, 30, '2019-09-06 18:59:56'),
	(349, 109, '2019-09-06 19:00:33'),
	(350, 109, '2019-09-06 19:00:55'),
	(351, 452, '2019-09-06 19:12:35'),
	(352, 441, '2019-09-06 19:14:08'),
	(353, 11, '2019-09-06 19:15:29'),
	(354, 420, '2019-09-06 19:18:58'),
	(355, 420, '2019-09-06 19:20:53'),
	(356, 420, '2019-09-06 19:21:00'),
	(357, 544, '2019-09-06 19:33:59'),
	(358, 193, '2019-09-06 19:35:05'),
	(359, 552, '2019-09-06 19:35:18'),
	(360, 552, '2019-09-06 19:35:31'),
	(361, 514, '2019-09-06 20:08:16'),
	(362, 92, '2019-09-06 20:10:24'),
	(363, 25, '2019-09-06 20:27:17'),
	(364, 25, '2019-09-06 20:27:51'),
	(365, 414, '2019-09-06 20:30:27'),
	(366, 414, '2019-09-06 20:30:28'),
	(367, 149, '2019-09-06 20:38:37'),
	(368, 472, '2019-09-06 20:39:30'),
	(369, 421, '2019-09-06 20:42:11'),
	(370, 421, '2019-09-06 20:42:11'),
	(371, 421, '2019-09-06 20:42:34'),
	(372, 149, '2019-09-06 20:43:10'),
	(373, 421, '2019-09-06 20:43:13'),
	(374, 149, '2019-09-06 20:44:22'),
	(375, 326, '2019-09-06 20:49:06'),
	(376, 424, '2019-09-06 20:49:14'),
	(377, 55, '2019-09-06 20:49:31'),
	(378, 601, '2019-09-06 20:54:44'),
	(379, 615, '2019-09-06 20:58:19'),
	(380, 120, '2019-09-06 21:20:23'),
	(381, 465, '2019-09-06 21:20:40'),
	(382, 338, '2019-09-06 21:27:03'),
	(383, 483, '2019-09-06 21:30:06'),
	(384, 311, '2019-09-06 21:33:23'),
	(385, 311, '2019-09-06 21:33:46'),
	(386, 311, '2019-09-06 21:33:58'),
	(387, 491, '2019-09-06 21:34:13'),
	(388, 491, '2019-09-06 21:35:13'),
	(389, 491, '2019-09-06 21:35:14'),
	(390, 19, '2019-09-06 21:42:36'),
	(391, 406, '2019-09-06 21:43:16'),
	(392, 7, '2019-09-06 22:05:24'),
	(393, 444, '2019-09-06 22:05:32'),
	(394, 107, '2019-09-06 22:29:32'),
	(395, 107, '2019-09-06 22:29:50'),
	(396, 484, '2019-09-06 22:29:57'),
	(397, 377, '2019-09-06 22:32:07'),
	(398, 28, '2019-09-06 22:37:07'),
	(399, 389, '2019-09-06 22:59:36'),
	(400, 108, '2019-09-06 22:59:46'),
	(401, 60, '2019-09-06 23:00:55'),
	(402, 461, '2019-09-06 23:01:27'),
	(403, 89, '2019-09-06 23:03:14'),
	(404, 89, '2019-09-06 23:03:17'),
	(405, 512, '2019-09-06 23:03:22'),
	(406, 391, '2019-09-06 23:03:23'),
	(407, 512, '2019-09-06 23:03:24'),
	(408, 108, '2019-09-06 23:04:27'),
	(409, 389, '2019-09-06 23:05:37'),
	(410, 108, '2019-09-06 23:05:38'),
	(411, 461, '2019-09-06 23:05:50'),
	(412, 389, '2019-09-06 23:08:15'),
	(413, 26, '2019-09-06 23:10:57'),
	(414, 413, '2019-09-06 23:11:41'),
	(415, 350, '2019-09-06 23:26:42'),
	(416, 536, '2019-09-06 23:32:43'),
	(417, 158, '2019-09-06 23:33:59'),
	(418, 107, '2019-09-06 23:44:23'),
	(419, 351, '2019-09-06 23:53:08'),
	(420, 351, '2019-09-06 23:53:15'),
	(421, 531, '2019-09-07 00:15:13'),
	(422, 531, '2019-09-07 00:15:16'),
	(423, 531, '2019-09-07 00:15:16'),
	(424, 163, '2019-09-07 00:16:25'),
	(425, 539, '2019-09-07 00:16:48'),
	(426, 531, '2019-09-07 00:17:59'),
	(427, 531, '2019-09-07 00:18:02'),
	(428, 531, '2019-09-07 00:18:03'),
	(429, 61, '2019-09-07 00:18:13'),
	(430, 151, '2019-09-07 00:18:24'),
	(431, 151, '2019-09-07 00:18:26'),
	(432, 151, '2019-09-07 00:18:27'),
	(433, 392, '2019-09-07 00:19:04'),
	(434, 159, '2019-09-07 00:21:48'),
	(435, 613, '2019-09-07 00:22:34'),
	(436, 181, '2019-09-07 00:24:17'),
	(437, 201, '2019-09-07 00:24:55'),
	(438, 201, '2019-09-07 00:24:58'),
	(439, 479, '2019-09-07 00:25:11'),
	(440, 479, '2019-09-07 00:25:13'),
	(441, 479, '2019-09-07 00:25:16'),
	(442, 479, '2019-09-07 00:25:18'),
	(443, 469, '2019-09-07 00:28:35'),
	(444, 599, '2019-09-07 00:32:05'),
	(445, 85, '2019-09-07 00:32:21'),
	(446, 85, '2019-09-07 00:33:08'),
	(447, 599, '2019-09-07 00:34:00'),
	(448, 355, '2019-09-07 00:34:20'),
	(449, 355, '2019-09-07 00:34:21'),
	(450, 355, '2019-09-07 00:34:21'),
	(451, 355, '2019-09-07 00:34:34'),
	(452, 613, '2019-09-07 00:34:46'),
	(453, 525, '2019-09-07 00:34:50'),
	(454, 85, '2019-09-07 00:35:01'),
	(455, 62, '2019-09-07 00:47:28'),
	(456, 554, '2019-09-07 00:48:17'),
	(457, 62, '2019-09-07 00:48:25'),
	(458, 554, '2019-09-07 00:48:29'),
	(459, 202, '2019-09-07 00:48:36'),
	(460, 202, '2019-09-07 00:48:42'),
	(461, 62, '2019-09-07 00:48:51'),
	(462, 482, '2019-09-07 00:49:19'),
	(463, 148, '2019-09-07 00:49:36'),
	(464, 532, '2019-09-07 00:51:02'),
	(465, 62, '2019-09-07 00:51:02'),
	(466, 114, '2019-09-07 00:51:02'),
	(467, 114, '2019-09-07 00:51:02'),
	(468, 62, '2019-09-07 00:51:02'),
	(469, 114, '2019-09-07 00:51:05'),
	(470, 418, '2019-09-07 00:51:33'),
	(471, 62, '2019-09-07 00:52:11'),
	(472, 506, '2019-09-07 00:53:33'),
	(473, 82, '2019-09-07 00:53:47'),
	(474, 506, '2019-09-07 00:53:57'),
	(475, 543, '2019-09-07 00:54:20'),
	(476, 444, '2019-09-07 00:54:50'),
	(477, 444, '2019-09-07 00:54:52'),
	(478, 68, '2019-09-07 00:56:10'),
	(479, 453, '2019-09-07 00:58:20'),
	(480, 453, '2019-09-07 00:58:44'),
	(481, 168, '2019-09-07 00:59:55'),
	(482, 432, '2019-09-07 01:00:11'),
	(483, 168, '2019-09-07 01:01:19'),
	(484, 188, '2019-09-07 01:04:26'),
	(485, 44, '2019-09-07 01:19:31'),
	(486, 296, '2019-09-07 01:24:59'),
	(487, 511, '2019-09-07 01:25:51'),
	(488, 88, '2019-09-07 01:25:57'),
	(489, 88, '2019-09-07 01:25:57'),
	(490, 511, '2019-09-07 01:26:00'),
	(491, 88, '2019-09-07 01:26:40'),
	(492, 511, '2019-09-07 01:26:45'),
	(493, 511, '2019-09-07 01:26:48'),
	(494, 511, '2019-09-07 01:26:48'),
	(495, 487, '2019-09-07 01:39:10'),
	(496, 188, '2019-09-07 01:41:31'),
	(497, 81, '2019-09-07 01:45:19'),
	(498, 487, '2019-09-07 01:45:54'),
	(499, 39, '2019-09-07 01:46:22'),
	(500, 487, '2019-09-07 01:48:09'),
	(501, 487, '2019-09-07 01:51:17'),
	(502, 39, '2019-09-07 01:58:30'),
	(503, 487, '2019-09-07 02:01:20'),
	(504, 32, '2019-09-07 02:08:05'),
	(505, 417, '2019-09-07 02:08:22'),
	(506, 417, '2019-09-07 02:13:51'),
	(507, 20, '2019-09-07 02:31:56'),
	(508, 297, '2019-09-07 04:34:11'),
	(509, 56, '2019-09-07 06:08:23'),
	(510, 56, '2019-09-07 06:08:32'),
	(511, 422, '2019-09-07 06:08:36'),
	(512, 56, '2019-09-07 06:09:26'),
	(513, 422, '2019-09-07 06:09:35'),
	(514, 56, '2019-09-07 06:14:04'),
	(515, 106, '2019-09-07 06:23:45'),
	(516, 106, '2019-09-07 06:23:52'),
	(517, 458, '2019-09-07 07:09:46'),
	(518, 458, '2019-09-07 07:09:53'),
	(519, 109, '2019-09-07 07:10:00'),
	(520, 458, '2019-09-07 07:10:10'),
	(521, 109, '2019-09-07 07:10:14'),
	(522, 458, '2019-09-07 07:10:58'),
	(523, 109, '2019-09-07 07:11:01'),
	(524, 179, '2019-09-07 07:24:56'),
	(525, 398, '2019-09-07 07:26:12'),
	(526, 179, '2019-09-07 07:29:10'),
	(527, 159, '2019-09-07 08:04:28'),
	(528, 141, '2019-09-07 08:07:00'),
	(529, 401, '2019-09-07 08:07:23'),
	(530, 159, '2019-09-07 08:08:10'),
	(531, 520, '2019-09-07 08:22:52'),
	(532, 520, '2019-09-07 08:23:05'),
	(533, 139, '2019-09-07 09:27:42'),
	(534, 429, '2019-09-07 09:27:51'),
	(535, 429, '2019-09-07 09:28:05'),
	(536, 429, '2019-09-07 09:28:43'),
	(537, 572, '2019-09-07 09:31:05'),
	(538, 99, '2019-09-07 09:47:40'),
	(539, 518, '2019-09-07 09:48:19'),
	(540, 344, '2019-09-07 10:22:28'),
	(541, 459, '2019-09-07 10:41:39'),
	(542, 459, '2019-09-07 10:41:39'),
	(543, 132, '2019-09-07 10:42:20'),
	(544, 467, '2019-09-07 10:42:36'),
	(545, 345, '2019-09-07 10:42:47'),
	(546, 345, '2019-09-07 10:42:48'),
	(547, 132, '2019-09-07 10:43:41'),
	(548, 396, '2019-09-07 10:52:19'),
	(549, 90, '2019-09-07 10:53:16'),
	(550, 371, '2019-09-07 12:20:57'),
	(551, 96, '2019-09-07 12:22:09'),
	(552, 96, '2019-09-07 12:22:31'),
	(553, 143, '2019-09-07 14:33:10'),
	(554, 143, '2019-09-07 14:42:17'),
	(555, 503, '2019-09-07 15:40:01'),
	(556, 503, '2019-09-07 15:40:19'),
	(557, 503, '2019-09-07 15:41:55'),
	(558, 72, '2019-09-07 16:04:39'),
	(559, 518, '2019-09-07 16:12:21'),
	(560, 518, '2019-09-07 16:12:36'),
	(561, 427, '2019-09-07 16:17:22'),
	(562, 427, '2019-09-07 16:19:37'),
	(563, 104, '2019-09-07 16:19:41'),
	(564, 96, '2019-09-07 17:01:17'),
	(565, 549, '2019-09-07 17:13:50'),
	(566, 186, '2019-09-07 17:15:57'),
	(567, 549, '2019-09-07 17:16:12'),
	(568, 169, '2019-09-07 17:51:29'),
	(569, 169, '2019-09-07 17:51:56'),
	(570, 169, '2019-09-07 17:52:07'),
	(571, 169, '2019-09-07 17:52:23'),
	(572, 169, '2019-09-07 17:52:27'),
	(573, 69, '2019-09-07 17:56:46'),
	(574, 69, '2019-09-07 17:56:48'),
	(575, 69, '2019-09-07 17:56:49'),
	(576, 500, '2019-09-07 17:56:50'),
	(577, 496, '2019-09-07 18:06:04'),
	(578, 75, '2019-09-07 18:06:28'),
	(579, 496, '2019-09-07 18:06:46'),
	(580, 496, '2019-09-07 18:08:30'),
	(581, 75, '2019-09-07 18:08:46'),
	(582, 496, '2019-09-07 18:08:56'),
	(583, 496, '2019-09-07 18:09:17'),
	(584, 113, '2019-09-07 18:25:41'),
	(585, 521, '2019-09-07 18:25:49'),
	(586, 82, '2019-09-07 18:26:30'),
	(587, 506, '2019-09-07 18:26:54'),
	(588, 131, '2019-09-07 18:34:41'),
	(589, 131, '2019-09-07 18:34:42'),
	(590, 131, '2019-09-07 18:34:53'),
	(591, 464, '2019-09-07 18:34:59'),
	(592, 464, '2019-09-07 18:35:04'),
	(593, 131, '2019-09-07 18:35:08'),
	(594, 464, '2019-09-07 18:35:43'),
	(595, 131, '2019-09-07 18:36:19'),
	(596, 386, '2019-09-07 18:49:36'),
	(597, 386, '2019-09-07 18:50:31'),
	(598, 386, '2019-09-07 18:51:02'),
	(599, 386, '2019-09-07 18:53:15'),
	(600, 458, '2019-09-07 19:19:48'),
	(601, 458, '2019-09-07 19:19:56'),
	(602, 458, '2019-09-07 19:20:02'),
	(603, 458, '2019-09-07 19:25:47'),
	(604, 376, '2019-09-07 19:49:28'),
	(605, 484, '2019-09-07 21:42:52'),
	(606, 440, '2019-09-07 21:52:26'),
	(607, 187, '2019-09-07 21:52:56'),
	(608, 187, '2019-09-07 21:53:17'),
	(609, 187, '2019-09-07 21:53:22'),
	(610, 440, '2019-09-07 21:53:30'),
	(611, 187, '2019-09-07 21:56:32'),
	(612, 143, '2019-09-08 00:04:17'),
	(613, 123, '2019-09-08 01:08:21'),
	(614, 54, '2019-09-08 02:29:12'),
	(615, 445, '2019-09-08 07:13:27'),
	(616, 445, '2019-09-08 07:13:28'),
	(617, 37, '2019-09-08 07:13:58'),
	(618, 196, '2019-09-08 08:12:58'),
	(619, 551, '2019-09-08 08:13:13'),
	(620, 165, '2019-09-08 09:05:50'),
	(621, 165, '2019-09-08 09:05:51'),
	(622, 472, '2019-09-08 09:09:26'),
	(623, 149, '2019-09-08 09:09:51'),
	(624, 490, '2019-09-08 11:33:24'),
	(625, 615, '2019-09-08 11:33:48'),
	(626, 601, '2019-09-08 11:35:39'),
	(627, 55, '2019-09-08 11:36:43'),
	(628, 348, '2019-09-08 11:38:08'),
	(629, 154, '2019-09-08 12:15:25'),
	(630, 96, '2019-09-08 12:16:43'),
	(631, 457, '2019-09-08 12:17:19'),
	(632, 386, '2019-09-08 16:23:37'),
	(633, 386, '2019-09-08 16:23:45'),
	(634, 298, '2019-09-08 16:52:03'),
	(635, 442, '2019-09-08 17:13:29'),
	(636, 14, '2019-09-08 17:13:41'),
	(637, 442, '2019-09-08 17:15:39'),
	(638, 14, '2019-09-08 17:15:48'),
	(639, 70, '2019-09-08 17:37:33'),
	(640, 148, '2019-09-08 18:55:55'),
	(641, 148, '2019-09-08 18:55:55'),
	(642, 532, '2019-09-08 18:56:40'),
	(643, 343, '2019-09-08 18:59:58'),
	(644, 343, '2019-09-08 19:01:35'),
	(645, 547, '2019-09-09 01:47:27'),
	(646, 182, '2019-09-09 10:27:14'),
	(647, 435, '2019-09-09 10:28:31'),
	(648, 296, '2019-09-09 11:54:05'),
	(649, 296, '2019-09-09 11:54:16'),
	(650, 621, '2019-09-09 17:30:13'),
	(651, 622, '2019-09-09 17:37:33'),
	(652, 621, '2019-09-09 17:38:54'),
	(653, 132, '2019-09-09 19:31:19'),
	(654, 467, '2019-09-09 19:32:44'),
	(655, 132, '2019-09-09 19:32:53'),
	(656, 132, '2019-09-09 19:34:02'),
	(657, 385, '2019-09-09 21:55:06'),
	(658, 385, '2019-09-09 21:55:06'),
	(659, 527, '2019-09-10 12:06:03'),
	(660, 394, '2019-09-10 17:28:58'),
	(661, 394, '2019-09-10 17:28:58'),
	(662, 142, '2019-09-11 03:06:34'),
	(663, 142, '2019-09-11 03:06:34'),
	(664, 142, '2019-09-11 03:07:37'),
	(665, 33, '2019-09-12 10:53:42'),
	(666, 33, '2019-09-12 10:53:42'),
	(667, 489, '2019-09-12 11:00:08'),
	(668, 136, '2019-09-12 16:05:40'),
	(669, 136, '2019-09-12 16:05:45'),
	(670, 136, '2019-09-12 16:10:43'),
	(671, 136, '2019-09-12 16:10:47'),
	(672, 136, '2019-09-12 16:11:22'),
	(673, 522, '2019-09-12 19:39:32');
/*!40000 ALTER TABLE `tbl_certifications_downloaded` ENABLE KEYS */;

-- Dumping structure for table db_ylf_certification.tbl_certifications_templates
CREATE TABLE IF NOT EXISTS `tbl_certifications_templates` (
  `id` int(11) NOT NULL AUTO_INCREMENT,
  `name` varchar(255) NOT NULL,
  `code` varchar(8) NOT NULL,
  `description` text,
  `provider` varchar(255) DEFAULT NULL,
  `image_en` varchar(255) NOT NULL DEFAULT 'certification_image.png',
  `image_ar` varchar(255) NOT NULL DEFAULT 'certification_image.png',
  `background` varchar(255) NOT NULL DEFAULT 'certification_image.png',
  `user_id` int(11) NOT NULL DEFAULT '1',
  `creation` timestamp NOT NULL DEFAULT CURRENT_TIMESTAMP,
  `code_x` int(11) NOT NULL DEFAULT '0',
  `code_y` int(11) NOT NULL DEFAULT '0',
  `name_en_x` int(11) NOT NULL DEFAULT '0',
  `name_en_y` int(11) NOT NULL DEFAULT '0',
  `name_en_width` int(11) NOT NULL DEFAULT '0',
  `creation_x` int(11) NOT NULL DEFAULT '0',
  `creation_y` int(11) NOT NULL DEFAULT '0',
  PRIMARY KEY (`id`),
  UNIQUE KEY `id` (`id`),
  UNIQUE KEY `name` (`name`),
  UNIQUE KEY `Index 5` (`code`),
  KEY `FK_tbl_certifications_templates_tbl_users` (`user_id`),
  CONSTRAINT `FK_tbl_certifications_templates_tbl_users` FOREIGN KEY (`user_id`) REFERENCES `tbl_users` (`id`) ON UPDATE CASCADE
) ENGINE=InnoDB AUTO_INCREMENT=13 DEFAULT CHARSET=utf8;

-- Dumping data for table db_ylf_certification.tbl_certifications_templates: ~12 rows (approximately)
/*!40000 ALTER TABLE `tbl_certifications_templates` DISABLE KEYS */;
INSERT IGNORE INTO `tbl_certifications_templates` (`id`, `name`, `code`, `description`, `provider`, `image_en`, `image_ar`, `background`, `user_id`, `creation`, `code_x`, `code_y`, `name_en_x`, `name_en_y`, `name_en_width`, `creation_x`, `creation_y`) VALUES
	(1, 'Youth Leadership Forum 5 - Participations', 'YLF05PAR', 'Had participated effectively in the preparing and organizing of the th Youth leadership forum (YLF)  sponsered by  the International Academy for Leadership and Development(IALD)\r\nwhich was held at istanbul sheir University\r\nentitled \r\nMove locally ... Think globally', 'Youth Leadership Forum', 'YLF05PAR.png', 'YLF05PAR.png', 'YLF05PAR.png', 1, '2019-09-02 21:55:33', 375, 531, 360, 240, 420, 200, 550),
	(2, 'Youth Leadership Forum 5 - Preparations', 'YLF05PRE', 'Participated in the program of the forum with 40 hours of training, workshops and lectures titled Move locally ... Think globally which was held at istanbul sehir university from 01-07-2019 to 10-07-2019 under the sponsorship of the international academy for leadership and development', 'Youth Leadership Forum', 'YLF05PRE.png', 'YLF05PRE.png', 'YLF05PRE.png', 1, '2019-09-02 21:55:33', 375, 530, 360, 240, 420, 50, 560),
	(3, 'Enhancing Self-Confidence Among Volunteers', 'YLF05ENH', 'has attended 3 hours course of \r\n"Enhancing self-confidence among volunteers" by Doaa Youssef, In 5th ylf under the title of \r\n"Move locally ... Think globally" \r\non 07th July 2019. \r\n', 'Doaa Youssef', 'YLF05ENH.png', 'YLF05ENH.png', 'YLF05ENH.png', 1, '2019-09-02 21:55:33', 375, 490, 340, 250, 420, 200, 510),
	(4, 'Workshop On Editing', 'YLF05WOR', 'has attended 3 hours course of "Workshop on editing" by Rivan Al-Tamimi In 5th ylf under the title of "Move locally ... Think globally" \non 07th July 2019. \nThis program is under the sponsorship of the international Academy for Leadership and Development (IALD). ', '\nRivan Al-Tamimi ', 'YLF05WOR.png', 'YLF05WOR.png', 'YLF05WOR.png', 1, '2019-09-02 21:55:33', 375, 490, 340, 250, 420, 200, 510),
	(5, 'How to build your visual identity on social networking platforms?', 'YLF05HOW', 'has attended 3 hours course of \n"How to build your visual identity on social networking platforms?" by Alaa Hamdan, In 5th ylf under the title of \n"Move locally ... Think globally" \non 07th July 2019. \nThis program is under the sponsorship of the international Academy for Leadership and Development (IALD). ', 'Alaa Hamdan', 'YLF05HOW.png', 'YLF05HOW.png', 'YLF05HOW.png', 1, '2019-09-02 21:55:33', 375, 490, 340, 250, 420, 200, 510),
	(6, 'Introduction to the world of marketing', 'YLF05INT', 'has attended 3 hours course of "Introduction to the world of marketing" by Muhannad Munjid, In 5th ylf under the title of \r\n"Move locally ... Think globally" \r\non 07th July 2019. \r\nThis program is under the sponsorship of the international Academy for Leadership and Development (IALD}. ', 'Muhannad Munjid', 'YLF05INT.png', 'YLF05INT.png', 'YLF05INT.png', 1, '2019-09-02 22:35:03', 375, 490, 340, 250, 420, 200, 510),
	(7, 'Stand in front of the camera', 'YLF05STA', 'has attended 3 hours course of "Stand in front of the camera" \r\nby Dr. Amer Lafi, In 5th ylf under the title of \r\n"Move locally ... Think globally" \r\non 07th July 2019. \r\nThis program is under the sponsorship of the international Academy for Leadership and Development (IALD). ', 'Amer Lafi', 'YLF05STA.png', 'YLF05STA.png', 'YLF05STA.png', 1, '2019-09-02 22:35:03', 400, 461, 360, 250, 400, 210, 480),
	(8, 'ملتقى الشباب القيادي (الأنبار) - مشاركة', 'YLFA1PAR', 'مشترك بفعالية في ملتقى الشباب القيادي - الانبار الذي ترعاه الاكاديمية الدولةي للقيادية و التنمية في جامعة الانبار من 23-24 \\ 03 \\ 2019 لمدة يومين تدريبيبن متواصلين الذي كان بعنوان من فكرة الى مشروع', 'Youth Leadership Forum', 'YLFA1PAR.png', 'YLFA1PAR.png', 'YLFA1PAR.png', 1, '2019-09-04 20:07:54', 500, 500, 200, 270, 420, 320, 520),
	(9, 'ملتقى الشباب القيادي (الأنبار) - تنظيم', 'YLFA1PRE', 'مشترك بفعالية و تميز بأعداد و تنظيم ملتقى الشباب القيادي -الأنبار الذي ترعاه الاكاديمية الدولية للقيادة و التنمية المنعقد في جامعة الانبار من 23-24\\03\\2019 ولمدة يومين تدريبين متواصلين والذي كان بعنوان من فكرة الى مشروع', 'Youth Leadership Forum', 'YLFA1PRE.png', 'YLFA1PRE.png', 'YLFA1PRE.png', 1, '2019-09-04 20:21:29', 500, 500, 200, 270, 420, 320, 520),
	(10, 'ملتقى الشباب القيادي (بابل) - مشاركة', 'YLFB1PAR', 'مشترك بفعالية وتميز في ملتقى الشباب القيادي الاول في بابل الذي تقيمه الاكاديمية الدولية للقيادة و التنمية الذي انعقد في جامعة بابل كلية المستقبل الجامعة يومي 22-23\\04\\2019 بواقع يومين تدريبين متواصليين الذي كان بعنوان بناء قدرات الشباب', 'Youth Leadership Forum', 'YLFB1PAR.png', 'YLFB1PAR.png', 'YLFB1PAR.png', 1, '2019-09-04 20:27:14', 500, 500, 200, 240, 420, 320, 520),
	(11, 'Storytelling by Mobile Press - YLF', 'YLF05MOB', 'has attended 3 hours course of "storytelling" by Mobile Press and Muthanna Saleh TRT (World citizens), in 5th YLF under the title of "Move locally ... Think globally" on 7th July 2019', 'Muthanna Saleh', 'YLF05MOB.png', 'YLF05MOB.png', 'YLF05MOB.png', 1, '2019-09-04 23:30:41', 400, 461, 360, 250, 400, 210, 480),
	(12, 'Storytelling by Mobile Press - TRT', 'YLF05TRT', 'has attended 3 hours course of "storytelling" by Mobile Press and Muthanna Saleh TRT (World citizens), in 5th YLF under the title of "Move locally ... Think globally" on 7th July 2019', 'Muthanna Saleh', 'YLF05TRT.png', 'YLF05TRT.png', 'YLF05TRT.png', 1, '2019-09-04 23:33:11', 180, 461, 140, 280, 560, 0, 480);
/*!40000 ALTER TABLE `tbl_certifications_templates` ENABLE KEYS */;

-- Dumping structure for table db_ylf_certification.tbl_clients
CREATE TABLE IF NOT EXISTS `tbl_clients` (
  `id` int(11) NOT NULL AUTO_INCREMENT,
  `email` varchar(255) NOT NULL,
  `name_en` varchar(255) NOT NULL DEFAULT 'none',
  `name_ar` varchar(255) DEFAULT NULL,
  `birthday` timestamp NULL DEFAULT NULL,
  `creation` timestamp NOT NULL DEFAULT CURRENT_TIMESTAMP,
  `user_id` int(11) NOT NULL DEFAULT '1',
  PRIMARY KEY (`id`),
  UNIQUE KEY `id` (`id`),
  UNIQUE KEY `email` (`email`)
) ENGINE=InnoDB AUTO_INCREMENT=396 DEFAULT CHARSET=utf8;

-- Dumping data for table db_ylf_certification.tbl_clients: ~296 rows (approximately)
/*!40000 ALTER TABLE `tbl_clients` DISABLE KEYS */;
INSERT IGNORE INTO `tbl_clients` (`id`, `email`, `name_en`, `name_ar`, `birthday`, `creation`, `user_id`) VALUES
	(1, 'khabd34@gmail.com', 'Abd Alrahman Mahmoud Al-Khatib', NULL, NULL, '2019-09-02 22:50:18', 1),
	(2, 'isibrahimsaleh@gmail.com', 'Abdalah Ibrahim Saleh Ahmad', NULL, NULL, '2019-09-02 22:50:18', 1),
	(3, 'hussen8881@yahoo.com', 'Abdul Hussein Badar Naser', NULL, NULL, '2019-09-02 22:50:18', 1),
	(4, 'abode.mu@gmail.com', 'Abdulah Munged Hameed ', NULL, NULL, '2019-09-02 22:50:18', 1),
	(5, 'abdielaliraqe@gmail.com', 'Abdulkhaleq Kamal Mahmood Al Al-Abbasi', NULL, NULL, '2019-09-02 22:50:18', 1),
	(6, 'abdullaaliabd99@gmail.com', 'Abdullah Ali Abdulrahman', NULL, NULL, '2019-09-02 22:50:18', 1),
	(7, 'abodmeijav@gmail.com', 'Abdullah Ayad Abdulmahdi Altaai', NULL, NULL, '2019-09-02 22:50:18', 1),
	(8, 'abdo.abo=do009@yahoo.com', 'Abdullah Emaduldeen Saeed', NULL, NULL, '2019-09-02 22:50:18', 1),
	(9, 'ahalrawi03@gmail.com', 'Abdullah Hasan Mohammed Mohammed ', NULL, NULL, '2019-09-02 22:50:18', 1),
	(10, 'abdulbasit.aljuboori@ogr.altinbas.edu.tr', 'Abdullbasit Mahmod Oleiwi', NULL, NULL, '2019-09-02 22:50:18', 1),
	(11, 'abdalmalkferastulima@gmail.com', 'Abdulmalek Feras Tulimat', NULL, NULL, '2019-09-02 22:50:18', 1),
	(12, 'muhaimen_dhia@yahoo.com', 'Abdulmuhaimen Dhiaddin Regeb', NULL, NULL, '2019-09-02 22:50:18', 1),
	(13, 'iraqabovj@gmail.com', 'Abdulqader Adnan Ghanim', NULL, NULL, '2019-09-02 22:50:18', 1),
	(14, 'abdalqader.hameed414@gmail.com', 'Abdulqader Hameed Neamah', NULL, NULL, '2019-09-02 22:50:18', 1),
	(15, 'abdulrahman.teacher83@gmail.com', 'Abdulrahman Adil Raoof', NULL, NULL, '2019-09-02 22:50:18', 1),
	(16, 'abdalzaw946@gmai.com', 'Abdulrahman Hakeem Adday', NULL, NULL, '2019-09-02 22:50:18', 1),
	(17, 'abdulrahman.taeey@yahoo.com', 'Abdulrahman Jawdat Ghanim', NULL, NULL, '2019-09-02 22:50:18', 1),
	(18, 'the_prince_122@yahoo.com', 'Abu Bakr Abdulmajeed Kadhum Al-Tameemi', NULL, NULL, '2019-09-02 22:50:18', 1),
	(19, 'bakobaker69@gmail.com', 'Abubakr Abdalla Hanfush', NULL, NULL, '2019-09-02 22:50:18', 1),
	(20, 'adli_mohammed@yahoo.com', 'Adli Mohammed Abed', NULL, NULL, '2019-09-02 22:50:18', 1),
	(21, 'aishaalani8@gmail.com', 'Aeeshah Zaid Shaker', NULL, NULL, '2019-09-02 22:50:18', 1),
	(22, 'ahed8113@gmail.com', 'Ahed Dh Younis', NULL, NULL, '2019-09-02 22:50:18', 1),
	(23, 'ahmadzaher61@gmail.com', 'Ahmad Zahir Abuhammam', NULL, NULL, '2019-09-02 22:50:18', 1),
	(24, 'ahmedarar40@gmail.com', 'Ahmad Zuhair Jaber Abdallah', NULL, NULL, '2019-09-02 22:50:18', 1),
	(25, 'ahmedxg3@gmail.com', 'Ahmed Hayder Abdulhameed Malk', NULL, NULL, '2019-09-02 22:50:18', 1),
	(26, 'ahmedja2314@gmail.com', 'Ahmed Jalal Abdulrahman', NULL, NULL, '2019-09-02 22:50:18', 1),
	(27, 'ahmed1994@gmail.com', 'Ahmed Khalid Mahmood', NULL, NULL, '2019-09-02 22:50:18', 1),
	(28, 'ahmed.khuder96@gmail.com', 'Ahmed Khudhair Ismael ', NULL, NULL, '2019-09-02 22:50:18', 1),
	(29, 'ahmad.naseryousef@gmail.com', 'Ahmed Naser Abu Rmilah', NULL, NULL, '2019-09-02 22:50:18', 1),
	(30, 'ahmed.othman.taha.fatah@gmail.com', 'Ahmed Othman Taha  Taha ', NULL, NULL, '2019-09-02 22:50:18', 1),
	(31, 'r.1999ali@yahoo.com', 'Alhasan Majid Khalaf ', NULL, NULL, '2019-09-02 22:50:18', 1),
	(32, 'alhousseintalal@gmail.com', 'Al-Hussein Talal Abduljabbar Al-Naisan', NULL, NULL, '2019-09-02 22:50:18', 1),
	(33, 'aliphysics@yahoo.com', 'Ali Abdulkhaleq Dhannoon', NULL, NULL, '2019-09-02 22:50:18', 1),
	(34, 'aliwhd89@gmail.com', 'Ali Adnan Mowafi', NULL, NULL, '2019-09-02 22:50:18', 1),
	(35, 'alibahre721@gmail.com', 'Ali Bahri Alwan', NULL, NULL, '2019-09-02 22:50:18', 1),
	(36, 'asasq350@gmail.com', 'Ali Faez Ahmed ', NULL, NULL, '2019-09-02 22:50:18', 1),
	(37, 'ali.faraj2009@gmail.com', 'Ali Hussein Osman Al-Sudani', NULL, NULL, '2019-09-02 22:50:18', 1),
	(38, 'nfa8810@gmail.com', 'Ali Ibrahom Awad Alsalih', NULL, NULL, '2019-09-02 22:50:18', 1),
	(39, 'ali.ismail@anbar.iq', 'Ali Ismail Jadaan', NULL, NULL, '2019-09-02 22:50:18', 1),
	(40, 'alimoayd777@gmail.com', 'Ali Muayad Zaidan Alghashemi', NULL, NULL, '2019-09-02 22:50:18', 1),
	(41, 'aabobaker3@gmail.com', 'Ali Nayef Masoud', NULL, NULL, '2019-09-02 22:50:18', 1),
	(42, 'mr.alithabit@gmail.com', 'Ali Thabit Kadhim', NULL, NULL, '2019-09-02 22:50:18', 1),
	(43, 'almajd.nizar1983@gmail.com', 'Almajd Nizar Sleh Ahmad', NULL, NULL, '2019-09-02 22:50:18', 1),
	(44, 'hamdaneamina14@gmail.com', 'Amina Hicham Hamdane', NULL, NULL, '2019-09-02 22:50:18', 1),
	(45, 'subbahamr@gmail.com', 'Amr Tawfeeq Awni Subbah', NULL, NULL, '2019-09-02 22:50:18', 1),
	(46, 'aseelmslamani@gmail.com', 'Aseel Ayman Ass\'Ad Maslamani', NULL, NULL, '2019-09-02 22:50:18', 1),
	(47, 'nhl438926@gmail.com', 'Asma Naji Mahmoud Al-Nuaimi', NULL, NULL, '2019-09-02 22:50:18', 1),
	(48, 'asmaeel.maytham@gmail.com', 'Asmaeel Maytham Amaeel', NULL, NULL, '2019-09-02 22:50:18', 1),
	(49, 'ayoobbadralzawy@gmail.com', 'Ayoob Badr Adday', NULL, NULL, '2019-09-02 22:50:18', 1),
	(50, 'ayoobkamal1991@gmail.com', 'Ayoob Kamaldeen Omar', NULL, NULL, '2019-09-02 22:50:18', 1),
	(51, 'bakrali528@gmail.com', 'Bakr Ali Younis', NULL, NULL, '2019-09-02 22:50:18', 1),
	(52, 'bakr9093@gmail.com', 'Bakr Fadhil Abdullah', NULL, NULL, '2019-09-02 22:50:18', 1),
	(53, 'baraabahgat6@gmail.com', 'Baraa Bahjat Yaseen', NULL, NULL, '2019-09-02 22:50:18', 1),
	(54, 'baraa.nazar.ph@gmail.com', 'Baraa Nazar Mohsin', NULL, NULL, '2019-09-02 22:50:18', 1),
	(55, 'm.basam87@gmail.com', 'Bassam Falah Jassam', NULL, NULL, '2019-09-02 22:50:18', 1),
	(56, 'bassamsurchi@gmail.com', 'Bassam M Abdulrahman', NULL, NULL, '2019-09-02 22:50:18', 1),
	(57, 'belal.ba630@gmail.com', 'Bilal Sinan Namiq', NULL, NULL, '2019-09-02 22:50:18', 1),
	(58, 'azoozdean@gmail.com', 'Ezzulddin Sabah Hamdan', NULL, NULL, '2019-09-02 22:50:18', 1),
	(59, 'fayqalzawy460@gmail.com', 'Faaiq Ahmed Adday', NULL, NULL, '2019-09-02 22:50:18', 1),
	(60, 'fatemahjasim@gmail.com', 'Fatemah Sabr Jasim Al-Ani', NULL, NULL, '2019-09-02 22:50:18', 1),
	(61, 'faten.algburi.98@gmail.com', 'Faten Falih Algburi', NULL, NULL, '2019-09-02 22:50:18', 1),
	(62, 'fatima.moham94@gmail.com', 'Fatima Mohammed Mundher', NULL, NULL, '2019-09-02 22:50:18', 1),
	(63, 'firas.saadah@hotmail.com', 'Firas Abd Al Qader Saadah', NULL, NULL, '2019-09-02 22:50:18', 1),
	(64, 'firashh20@gmail.com', 'Firas Hussam Alden Hussein Hussein ', NULL, NULL, '2019-09-02 22:50:18', 1),
	(65, 'hafsahussienabood@gmail.com', 'Hafssa Alkhaier Hussein Abbood ', NULL, NULL, '2019-09-02 22:50:18', 1),
	(66, 'amaark2003@gmail.com', 'Hala Basam Abass', NULL, NULL, '2019-09-02 22:50:18', 1),
	(67, 'hanisabbar@gmail.com', 'Hani Sabbar Ayed', NULL, NULL, '2019-09-02 22:50:18', 1),
	(68, 'harith2030h@gmail.com', 'Harith  Yaseen Abdulqader', NULL, NULL, '2019-09-02 22:50:18', 1),
	(69, 'hassansattarm12@gmail.com', 'Hassan Sattar Mohammed', NULL, NULL, '2019-09-02 22:50:18', 1),
	(70, 'hayderaljawhar@gmail.com', 'Hayder Hussein Sawadi ', NULL, NULL, '2019-09-02 22:50:18', 1),
	(71, 'hadirrzaq@gmail.com', 'Hayder Razzaq Hasan Alhrami', NULL, NULL, '2019-09-02 22:50:18', 1),
	(72, 'winnie_dodo89@yahoo.com', 'Hazar Bassam Abbas', NULL, NULL, '2019-09-02 22:50:18', 1),
	(73, 'hibaahmed093@gmail.com', 'Hiba Faez Ahmed', NULL, NULL, '2019-09-02 22:50:18', 1),
	(74, 'ivp.mahdi@gmail.com', 'Huda Jawhar Saeed', NULL, NULL, '2019-09-02 22:50:18', 1),
	(75, 'haamam03@gmail.com', 'Humam Hamed Mukhlif', NULL, NULL, '2019-09-02 22:50:18', 1),
	(76, 'hemo.almohands3000@gmail.com', 'Hummam Sabah Noori Alqaisy', NULL, NULL, '2019-09-02 22:50:18', 1),
	(77, 'hussammunam02@gmail.com', 'Hussam Muneam Jawad', NULL, NULL, '2019-09-02 22:50:18', 1),
	(78, 'husseinzarzour1998@gmail.com', 'Hussein Ali Zarzoor Yasiri', NULL, NULL, '2019-09-02 22:50:18', 1),
	(79, 'ia1668584@gmail.com', 'Ibrahim  Abdulrahman  Najim  Al-Ezzi', NULL, NULL, '2019-09-02 22:50:18', 1),
	(80, 'ibrahimgardy096@gmail.com', 'Ibrahim Khaleel Ibrahim', NULL, NULL, '2019-09-02 22:50:18', 1),
	(81, 'muhammed.ome1988@gmail.com', 'Ihab Turki Abbood', NULL, NULL, '2019-09-02 22:50:18', 1),
	(82, 'idiaskf@gmail.com', 'Ihssane Lahcen Saidi', NULL, NULL, '2019-09-02 22:50:18', 1),
	(83, 'islamalwtar55@gmail.com', 'Islam Adel Ghanim Al-Wattar', NULL, NULL, '2019-09-02 22:50:18', 1),
	(84, 'ismaeelm.saeed81@gmail.com', 'Ismael Mohammed Saeed', NULL, NULL, '2019-09-02 22:50:18', 1),
	(85, 'hajeziad@gmail.com', 'Israa Tareq Qasim', NULL, NULL, '2019-09-02 22:50:18', 1),
	(86, 'jawharalifarhan@gmail.com', 'Jawhar Ali Farhan', NULL, NULL, '2019-09-02 22:50:18', 1),
	(87, 'jawharalifarhan1987@gmail.com', 'Jawhar Ali Farhan', NULL, NULL, '2019-09-02 22:50:18', 1),
	(88, 'kara.nuraddin@yahoo.com', 'Kara Nooralddin Bahaalddin', NULL, NULL, '2019-09-02 22:50:18', 1),
	(89, 'k_ma.jbara@yahoo.com', 'Kawthar Mohammed Ali Jabara', NULL, NULL, '2019-09-02 22:50:18', 1),
	(90, 'khalid.alazy.un@gmail.com', 'Khalid Abdulmaged Najm', NULL, NULL, '2019-09-02 22:50:18', 1),
	(91, 'lebzarnajat9@gmail.com', 'Lebzar Najat', NULL, NULL, '2019-09-02 22:50:18', 1),
	(92, 'maadhsami96@gmail.com', 'Maadh Sami Saadoon', NULL, NULL, '2019-09-02 22:50:18', 1),
	(93, 'ivp.mahdii@gmail.com', 'Mahdi Sahib Abbas Abbas', NULL, NULL, '2019-09-02 22:50:18', 1),
	(94, 'maher.mn2@gmail.com', 'Mahir Mowfaq Salem', NULL, NULL, '2019-09-02 22:50:18', 1),
	(95, 'musf29@gmail.com', 'Mahmood Sufyan Kareem', NULL, NULL, '2019-09-02 22:50:18', 1),
	(96, 'msuf29@gmail.com', 'Mahmood Sufyan Kareem', NULL, NULL, '2019-09-02 22:50:18', 1),
	(97, 'malath.nejres@gmail.com', 'Malath Thaer Nejres', NULL, NULL, '2019-09-02 22:50:18', 1),
	(98, 'mansoor.najimi98@gmail.com', 'Mansoor Salahaldin Muhialdin', NULL, NULL, '2019-09-02 22:50:18', 1),
	(99, 'mariamdirar@yahoo.com', 'Mariam Dirar Alqasem', NULL, NULL, '2019-09-02 22:50:18', 1),
	(100, 'mariaakhalid2@gmail.com', 'Mariya Khalid Chyad', NULL, NULL, '2019-09-02 22:50:18', 1),
	(101, 'zahratwatanm@gmail.com', 'Marwa Mohammed Ali', NULL, NULL, '2019-09-02 22:50:18', 1),
	(102, 'marwan.nt.17@gmail.com', 'Marwan Ahmed Abed Alnabi', NULL, NULL, '2019-09-02 22:50:18', 1),
	(103, 'mariam-1993-2018@hotmail.com', 'Maryam J.K.Alselek', NULL, NULL, '2019-09-02 22:50:18', 1),
	(104, 'maryamjawdat99@gmail.com', 'Maryam Jawdat Ghanim Mohamed', NULL, NULL, '2019-09-02 22:50:18', 1),
	(105, 'mareamanasamer313@gmail.com', 'Maryam Samer Ali', NULL, NULL, '2019-09-02 22:50:18', 1),
	(106, 'mhmmadsalah.2002.m.s@gmail.com', 'Mohamed Basel Salah', NULL, NULL, '2019-09-02 22:50:18', 1),
	(107, 'abomaria.1995@gmail.com', 'Mohammad Alfateh Zeaid Fouad', NULL, NULL, '2019-09-02 22:50:18', 1),
	(108, 'mohammadkashour96@gmail.com', 'Mohammad Mustafa Kashour ', NULL, NULL, '2019-09-02 22:50:18', 1),
	(109, 'mahamadabbas@hotmail.com', 'Mohammed Abbas Hamad', NULL, NULL, '2019-09-02 22:50:18', 1),
	(110, 'mohammedabdulhaleem2012@gmail.com', 'Mohammed Abdulhaleem Abdulzahra', NULL, NULL, '2019-09-02 22:50:18', 1),
	(111, 'alshalshabahv@gmail.com', 'Mohammed Abdulhaq Yahya', NULL, NULL, '2019-09-02 22:50:18', 1),
	(112, 'mhamad235940@gmail.com', 'Mohammed Abdullah Omar', NULL, NULL, '2019-09-02 22:50:18', 1),
	(113, 'mohamed989.ms@gmail.com', 'Mohammed Ahmed Salih', NULL, NULL, '2019-09-02 22:50:18', 1),
	(114, 'alssawi97h@gmail.com', 'Mohammed Ayoob Saleh', NULL, NULL, '2019-09-02 22:50:18', 1),
	(115, 'hmo0od.2991@gmail.com', 'Mohammed Hadi Atiyah Al-Haddad', NULL, NULL, '2019-09-02 22:50:18', 1),
	(116, '07700014718mht@gmail.com', 'Mohammed Hameed Tuma ', NULL, NULL, '2019-09-02 22:50:18', 1),
	(117, 'mohalmohmadi@gmail.com', 'Mohammed Hashim Mohammed Almohammedi', NULL, NULL, '2019-09-02 22:50:18', 1),
	(118, 'mo7amed.ismael94@gmail.com', 'Mohammed Ismail Ibrahim Ibrahim', NULL, NULL, '2019-09-02 22:50:18', 1),
	(119, 'moh11othman@gmail.com', 'Mohammed Othman', NULL, NULL, '2019-09-02 22:50:18', 1),
	(120, 'muhammadsalam458@gmail.com', 'Mohammed Salam Saleh', NULL, NULL, '2019-09-02 22:50:18', 1),
	(121, 'ms5233585@gmail.com', 'Mohammed Saleh Ibrahim Al-Naisani', NULL, NULL, '2019-09-02 22:50:18', 1),
	(122, 'msc170264@student.uokufa.edu.iq', 'Mohammed Wael Mohammed', NULL, NULL, '2019-09-02 22:50:18', 1),
	(123, 'mahmood.kh81@yahoo.com', 'Mohmood Khudhair', NULL, NULL, '2019-09-02 22:50:18', 1),
	(124, 'mubarak.m.n91@gmail.com', 'Mubarak Mohammed Noor Ibrahim Abakar', NULL, NULL, '2019-09-02 22:50:18', 1),
	(125, 'mojtabaibrahimkaleel@gmail.com', 'Mujtaba Ibrahim Khaleel Alajmal', NULL, NULL, '2019-09-02 22:50:18', 1),
	(126, 'musaed784@gmail.com', 'Musaed Muslem Musaed Aljaafer', NULL, NULL, '2019-09-02 22:50:18', 1),
	(127, 'bb847564@gmail.com', 'Mustafa  Bakir Sedeeq Alksso', NULL, NULL, '2019-09-02 22:50:18', 1),
	(128, 'firasmustafa045@gmail.com', 'Mustafa Firas Farooq Alkateb', NULL, NULL, '2019-09-02 22:50:18', 1),
	(129, 'mustafakhalil33@yahoo.com', 'Mustafa Khalel Abbood Algburi', NULL, NULL, '2019-09-02 22:50:18', 1),
	(130, 'mustafa.klok@gmail.com', 'Mustafa Qais Abdali Albayati', NULL, NULL, '2019-09-02 22:50:18', 1),
	(131, 'moth_ak@yahoo.com', 'Muthanna Khamees Rashid', NULL, NULL, '2019-09-02 22:50:18', 1),
	(132, 'net.spring@yahoo.com', 'Nabaa Saeb Jarullah', NULL, NULL, '2019-09-02 22:50:18', 1),
	(133, 'nadaa0813@gmail.com', 'Nada Ahmed Fadhil Ahmed', NULL, NULL, '2019-09-02 22:50:18', 1),
	(134, 'rowwad_himam@hotmail.com', 'Nassem Ismail Dissi', NULL, NULL, '2019-09-02 22:50:18', 1),
	(135, 'abumadleen@gmail.com', 'Nayef Salem Aljazi', NULL, NULL, '2019-09-02 22:50:18', 1),
	(136, 'nidhamaldeen@gmail.com', 'Nidhamaldeen Jasim Mohammed', NULL, NULL, '2019-09-02 22:50:18', 1),
	(137, 'nezaralsadeg@gmail.com', 'Nizar A. A. Ali', NULL, NULL, '2019-09-02 22:50:18', 1),
	(138, 'noornono840@gmail.com', 'Noor Ahmed Rashid Al-Najdi', NULL, NULL, '2019-09-02 22:50:18', 1),
	(139, 'nokhal61@gmail.com', 'Noor Khoshowy Mohammed', NULL, NULL, '2019-09-02 22:50:18', 1),
	(140, 'noorsair9@gmail.com', 'Nooralddin Dhiyaa Sair', NULL, NULL, '2019-09-02 22:50:18', 1),
	(141, 'noorzabuhammam@yahoo.com', 'Nour Zaher Abu Hammam', NULL, NULL, '2019-09-02 22:50:18', 1),
	(142, 'hadost85@gmail.com', 'Nozat Hasan Ali Qazan', NULL, NULL, '2019-09-02 22:50:18', 1),
	(143, 'adamomarabed@gmail.com', 'Omar Abed Hasan Alkudhir', NULL, NULL, '2019-09-02 22:50:18', 1),
	(144, 'zomar6736@gmail.com', 'Omar Alfarooq Zaid Ibrahim Hassan ', NULL, NULL, '2019-09-02 22:50:18', 1),
	(145, 'poison.bruin94@yahoo.com', 'Omar Ismail Jadaan', NULL, NULL, '2019-09-02 22:50:18', 1),
	(146, 'omarkhudur8@gmail.com', 'Omar Khudhur Abdullah', NULL, NULL, '2019-09-02 22:50:18', 1),
	(147, 'omar.zaki1997@gmail.com', 'Omar Mohammed Zaki Abdulghani', NULL, NULL, '2019-09-02 22:50:18', 1),
	(148, 'qahtan961@gmail.com', 'Omar Qahtan Abdylrahman Murad', NULL, NULL, '2019-09-02 22:50:18', 1),
	(149, 'omeed.s85@gmail.com', 'Omeed Sameer Omar. Omar', NULL, NULL, '2019-09-02 22:50:18', 1),
	(150, 'omar.muslh.bmx@gmail.com', 'Omer Mosleh Abdullah', NULL, NULL, '2019-09-02 22:50:18', 1),
	(151, 'omniasamir477@gmail.com', 'Omnia Samir', NULL, NULL, '2019-09-02 22:50:18', 1),
	(152, 'osmanarsalannamik2222@gmail.com', 'Othman Arsalan Namuq', NULL, NULL, '2019-09-02 22:50:18', 1),
	(153, 'othman.o.alrawi@gmail.com', 'Othman Omar Mahmood Alrawe ', NULL, NULL, '2019-09-02 22:50:18', 1),
	(154, 'kaddo1985@gmail.com', 'Qaddo M. Noori Qaddo Alkurmz', NULL, NULL, '2019-09-02 22:50:18', 1),
	(155, 'r86shazy@gmail.com', 'Raad Shuaib Ibrahim Shaze', NULL, NULL, '2019-09-02 22:50:18', 1),
	(156, 'redak.k2000love@gmail.com', 'Rafa Khaled Elhaj Qasem', NULL, NULL, '2019-09-02 22:50:18', 1),
	(157, 'rafaqasem28@gmail.com', 'Rafa Khaled Elhaj Qasem', NULL, NULL, '2019-09-02 22:50:18', 1),
	(158, 'rahafsubbah@gmail.com', 'Rahaf Tawfeeq Awni Subbah', NULL, NULL, '2019-09-02 22:50:18', 1),
	(159, 'bassimrathwan@gmail.com', 'Rathwan Basim Thanoon  Al-Sabawi', NULL, NULL, '2019-09-02 22:50:18', 1),
	(160, 'iman.qasm@hotmail.com', 'Reda Khaled Elhaj Qasem', NULL, NULL, '2019-09-02 22:50:18', 1),
	(161, 'ruqaya_alnajafi@iclodcom', 'Ruqaya Khalid Abdulazeez', NULL, NULL, '2019-09-02 22:50:18', 1),
	(162, 'saadzergan@gmail.com', 'Saad Abdulsattar Sabeeh', NULL, NULL, '2019-09-02 22:50:18', 1),
	(163, 'safazakitaweel@gmail.com', 'Safa Mohammed Zaki Al-Taweel', NULL, NULL, '2019-09-02 22:50:19', 1),
	(164, 'sfaalzawy351@gmail.com', 'Safaa Habeeb Adday', NULL, NULL, '2019-09-02 22:50:19', 1),
	(165, 'saharadam2013@gmail.com', 'Sahar Ismail Ibrahim Ibrahim', NULL, NULL, '2019-09-02 22:50:19', 1),
	(166, 'sa610725@gmail.com', 'Saif Ali Farhan ', NULL, NULL, '2019-09-02 22:50:19', 1),
	(167, 'saiftalab10@gmail.com', 'Saif Mohammed Talab Al Hasan', NULL, NULL, '2019-09-02 22:50:19', 1),
	(168, 'sajahadi408@gmail.com', 'Saja Hadi Najm', NULL, NULL, '2019-09-02 22:50:19', 1),
	(169, 'salmsalh248@gmail.com', 'Salm Salh Rasool Rasool', NULL, NULL, '2019-09-02 22:50:19', 1),
	(170, 'shanow@hotmail.co.uk', 'Salma Muntasir Fayez Al-Hamad', NULL, NULL, '2019-09-02 22:50:19', 1),
	(171, 'sam.s.jasim@gmail.com', 'Samara Sameer Jasim', NULL, NULL, '2019-09-02 22:50:19', 1),
	(172, 'samerwaleed@gmail.com', 'Samer Waleed Ghanim', NULL, NULL, '2019-09-02 22:50:19', 1),
	(173, 'samerwaleed4@gmail.com', 'Samer Waleed Ghanim', NULL, NULL, '2019-09-02 22:50:19', 1),
	(174, 'mariamalqasem2@gmail.com', 'Sara Dirar Alqasem', NULL, NULL, '2019-09-02 22:50:19', 1),
	(175, 'sara.atalla995@gmail.com', 'Sara Mahmood Ataallah', NULL, NULL, '2019-09-02 22:50:19', 1),
	(176, 'valor1902@gmail.com', 'Sarah Qaysser Rasool', NULL, NULL, '2019-09-02 22:50:19', 1),
	(177, 'almasasarmad@gmail.com', 'Sarmad Talal Ghanim ', NULL, NULL, '2019-09-02 22:50:19', 1),
	(178, 'shahadthimer94@gmail.com', 'Shahad Thamer Mutashar ', NULL, NULL, '2019-09-02 22:50:19', 1),
	(179, 'maslmanirana1983@gmail.com', 'Sireen Muslamani', NULL, NULL, '2019-09-02 22:50:19', 1),
	(180, 'nerodokgo.s@gmail.com', 'Slwan Ali Mahdy Mahdy', NULL, NULL, '2019-09-02 22:50:19', 1),
	(181, 'sohaimarustom7@gmail.com', 'Sohaimah Rustom Elsayed', NULL, NULL, '2019-09-02 22:50:19', 1),
	(182, 'suhairsaad@gmail.com', 'Suhair Saad Sadoon Sadoon', NULL, NULL, '2019-09-02 22:50:19', 1),
	(183, 'tareqdhia2123@gmail.com', 'Tareq Dhiaddin Rajab Serheed', NULL, NULL, '2019-09-02 22:50:19', 1),
	(184, 'thuraya2066@gmail.com', 'Thuraya Abdulateef Abdulrahman', NULL, NULL, '2019-09-02 22:50:19', 1),
	(185, 'walid.elrawi@gmail.com', 'Waleed Husham Mohammed', NULL, NULL, '2019-09-02 22:50:19', 1),
	(186, 'wasseem_amer@yahoo.com', 'Waseem Amer Hashim Al Khaffaf', NULL, NULL, '2019-09-02 22:50:19', 1),
	(187, 'abd1122344566@gmail.com', 'Yaaqoob Kamal Badr', NULL, NULL, '2019-09-02 22:50:19', 1),
	(188, 'sabhyahya@gmail.com', 'Yahya Sabah Abdullah ', NULL, NULL, '2019-09-02 22:50:19', 1),
	(189, 'yunus.zeyad.fehed@gmail.com', 'Younus Zeyad Ahmed Alsawah', NULL, NULL, '2019-09-02 22:50:19', 1),
	(190, 'yosefr305@gmail.com', 'Yousef Rustum Husam', NULL, NULL, '2019-09-02 22:50:19', 1),
	(191, 'tahasarheed@std.sehir.edu.tr', 'Yousif Abdulsalam Sarheed', NULL, NULL, '2019-09-02 22:50:19', 1),
	(192, 'yousifali20002411@gmail.com', 'Yousif Ali Faeq', NULL, NULL, '2019-09-02 22:50:19', 1),
	(193, 'yousif_alhayali@yahoo.com', 'Yousif Safauldeen Alhayali', NULL, NULL, '2019-09-02 22:50:19', 1),
	(194, 'yousif.alhayali@yahoo.com', 'Yousif Safauldeen Ismail', NULL, NULL, '2019-09-02 22:50:19', 1),
	(195, 'yousra.maimouni2@gmail.com', 'Yousra Maimouni', NULL, NULL, '2019-09-02 22:50:19', 1),
	(196, 'y.alhawaree@gmail.com', 'Yousra Moustafa Elhawary', NULL, NULL, '2019-09-02 22:50:19', 1),
	(197, 'www.drzahraamoied99@gmail.com', 'Zahraa Muayad Hamzah Hadyer', NULL, NULL, '2019-09-02 22:50:19', 1),
	(198, 'zakash_hjij@hotmail.com', 'Zakarya Yihya Ehjiej', NULL, NULL, '2019-09-02 22:50:19', 1),
	(199, 'zienab.tharaweh@gmail.com', 'Zaynb Raed Altruy', NULL, NULL, '2019-09-02 22:50:19', 1),
	(200, 'zinahyoseef@youthlf.com', 'Zinah Mothana Yousif', NULL, NULL, '2019-09-02 22:50:19', 1),
	(201, 'zinahyoseef@gmail.com', 'Zinah Mothana Yousif Almukhtar', NULL, NULL, '2019-09-02 22:50:19', 1),
	(202, 'zeinabg123@hotmail.com', 'Zinan Jfeily', NULL, NULL, '2019-09-02 22:50:19', 1),
	(295, 'azizkhlid46@gmail.com', 'Abdulazeez Khalid Chyad', NULL, NULL, '2019-09-02 23:05:28', 1),
	(296, 'ipad9710@gamil.com', 'Abdullah Ahmed Salman Janabi', NULL, NULL, '2019-09-02 23:05:28', 1),
	(297, 'abdullah.alakraa.1@gmail.com', 'Abdullah Alakraa', NULL, NULL, '2019-09-02 23:05:28', 1),
	(298, 'abdullah931993@gmail.com', 'Abdullah Kadhim', NULL, NULL, '2019-09-02 23:05:28', 1),
	(299, 'abboodeada@gmail.com', 'Abdulrahman Almashhadani', NULL, NULL, '2019-09-02 23:05:28', 1),
	(300, 'abdulsalam95.iq@gmail.com', 'Abdulsalam Majed Alsamarrai', NULL, NULL, '2019-09-02 23:05:28', 1),
	(301, 'bakooryj@gmail.com', 'Abubaker Hussein', NULL, NULL, '2019-09-02 23:05:28', 1),
	(302, 'aishamohd98.ob@gmail.com', 'Aeshah Mohammed Mundher Al_Aboosi', NULL, NULL, '2019-09-02 23:05:28', 1),
	(303, 'hadiiahmed676@gmail.com', 'Ahmed Albufkani ', NULL, NULL, '2019-09-02 23:05:28', 1),
	(304, 'theengineer.ahmedsalh@yahoo.com', 'Ahmed Alsada', NULL, NULL, '2019-09-02 23:05:28', 1),
	(305, 'ahmedjawdat30@gmail.com', 'Ahmed Jawdat Ghanim Mohammed', NULL, NULL, '2019-09-02 23:05:28', 1),
	(306, 'ahmed.muhi.hussein@gmail.com', 'Ahmed Muhi Hussein Nidawi', NULL, NULL, '2019-09-02 23:05:28', 1),
	(307, 'azuhear@gmail.com', 'Ahmed Zuhair Yahya', NULL, NULL, '2019-09-02 23:05:28', 1),
	(308, 'ayoosh.ay93@gmail.com', 'Aisha Ahmed Hussein Alessawe', NULL, NULL, '2019-09-02 23:05:28', 1),
	(309, 'aishashakir02@gmail.com', 'Aisha Shakir Alkrushi', NULL, NULL, '2019-09-02 23:05:28', 1),
	(310, 'albrbr2100@gmail.com', 'Albaraa Ammar Al-Sudani', NULL, NULL, '2019-09-02 23:05:28', 1),
	(311, 'aliomaralani1996amar@gmail.com', 'Ali Omar Abdulrahman Al-Ani', NULL, NULL, '2019-09-02 23:05:28', 1),
	(312, 'amina.altaha995@gmail.com', 'Amenah Wafaa Abdullah Altaha', NULL, NULL, '2019-09-02 23:05:28', 1),
	(313, 'ammar@izon.pro', 'Ammar Hamadullah Alhayani', NULL, NULL, '2019-09-02 23:05:28', 1),
	(314, 'anwer.hameed89@gmail.com', 'Anoar Majeed Hameed', NULL, NULL, '2019-09-02 23:05:28', 1),
	(315, 'arkan_hopeful@yahoo.com', 'Arkan Abdulrazzaq Hussein Hussein', NULL, NULL, '2019-09-02 23:05:28', 1),
	(316, 'asma_phyiscs@yahoo.com', 'Asmaa Rashid Adaay', NULL, NULL, '2019-09-02 23:05:28', 1),
	(317, 'asmaasabah99@gmail.com', 'Asmaa Sabah Hamdan', NULL, NULL, '2019-09-02 23:05:28', 1),
	(318, 'asalawahab@gmail.com', 'Assalah Abdulwahab Non', NULL, NULL, '2019-09-02 23:05:28', 1),
	(319, 'bahaaamed3391@gmail.com', 'Bahaa Ahmed Khalaf Sabawe', NULL, NULL, '2019-09-02 23:05:28', 1),
	(320, 'ashkanmuhammed1@gmail.com', 'Basoz Mohammad Ahmed', NULL, NULL, '2019-09-02 23:05:28', 1),
	(321, 'dham2741@gmail.com', 'Dahham Khalifah Abed', NULL, NULL, '2019-09-02 23:05:28', 1),
	(322, 'esraoz6@gmail.com', 'Esra Oz', NULL, NULL, '2019-09-02 23:05:28', 1),
	(323, 'osmansg8@gmail.com', 'Ezzulddin Asaad Hameed', NULL, NULL, '2019-09-02 23:05:28', 1),
	(324, 'faraj_regent91@yahoo.com', 'Faraj Humaidan Faraj', NULL, NULL, '2019-09-02 23:05:28', 1),
	(325, 'alperen@yahoo.com', 'Furkan Alperen Sonkaya', NULL, NULL, '2019-09-02 23:05:28', 1),
	(326, 'ghasaqalhadithu98@gmail.com', 'Ghasaq Luay Fadhil Al-Jafar', NULL, NULL, '2019-09-02 23:05:28', 1),
	(327, 'hafssa.mohanad97@gmail.com', 'Hafssa Mohanad Mahmood Al-Kareem', NULL, NULL, '2019-09-02 23:05:28', 1),
	(328, 'hfzaid98@yahoo.com', 'Hafssa Zaid Shaker Alaani', NULL, NULL, '2019-09-02 23:05:28', 1),
	(329, 'hafssa.alaani@gmail.com', 'Hafssa Zaid Shaker Alaani', NULL, NULL, '2019-09-02 23:05:28', 1),
	(330, 'haithamtalhaji@yahoo.com', 'Haitham Alhaji', NULL, '1994-06-04 00:00:00', '2019-09-02 23:05:28', 1),
	(331, 'hamza@izon.pro', 'Hamzah Abdullah Mohammed', NULL, NULL, '2019-09-02 23:05:28', 1),
	(332, 'hh405798@gmail.com', 'Hamzah Hussein Abbood', NULL, NULL, '2019-09-02 23:05:28', 1),
	(333, 'azizhassan008@gmail.com', 'Hasan Abdulazeez Hameed', NULL, NULL, '2019-09-02 23:05:28', 1),
	(334, 'hassan62171@gmail.com', 'Hasan Al-Mashhadani', NULL, NULL, '2019-09-02 23:05:28', 1),
	(335, 'hassanwattari@gmail.com', 'Hassan Alwatari', NULL, NULL, '2019-09-02 23:05:28', 1),
	(336, 'hudajawhar211@gmail.com', 'Huda Jawhar Saeed', NULL, NULL, '2019-09-02 23:05:28', 1),
	(337, 'huda90325@gmail.com', 'Huda Shamil Obaid', NULL, NULL, '2019-09-02 23:05:28', 1),
	(338, 'hussein97saeed@gmail.com', 'Hussein Mahmood Saeed', NULL, NULL, '2019-09-02 23:05:28', 1),
	(339, 'ibrahim.alhashimi68@gmail.com', 'Ibrahim Mahmood Ahmed Al-Hashimi', NULL, NULL, '2019-09-02 23:05:28', 1),
	(340, 'edreesmohammed25@gmail.com', 'Idrees Mohammed Rafea Hamdi', NULL, NULL, '2019-09-02 23:05:28', 1),
	(341, 'alsalehy1994@yahoo.com', 'Islam Mustafa Ahmed', NULL, NULL, '2019-09-02 23:05:28', 1),
	(342, 'tigli@yahoo.com', 'Kagan Talib Tigli', NULL, NULL, '2019-09-02 23:05:28', 1),
	(343, 'khalid@izon.pro', 'Khalid Ahmed Abbas', NULL, NULL, '2019-09-02 23:05:28', 1),
	(344, 'khobaibabd1994@gmail.com', 'Khobaib Ismail Abed Al-Dulaimi', NULL, NULL, '2019-09-02 23:05:28', 1),
	(345, 'lobabhsattar@gmail.com', 'Lobabah Sattar Mohammed', NULL, NULL, '2019-09-02 23:05:28', 1),
	(346, 'mamonalani@gmail.com', 'Mamoon Abdullah Alani', NULL, NULL, '2019-09-02 23:05:28', 1),
	(347, 'maromaa54@gmail.com', 'Maram Ghazi Awad', NULL, NULL, '2019-09-02 23:05:28', 1),
	(348, 'maryammajeed992@gamil.com', 'Maryam Nooruldeen Majeed', NULL, NULL, '2019-09-02 23:05:28', 1),
	(349, 'alshabahv@gmail.com', 'Mohamed Abdulhaq Yahya', NULL, NULL, '2019-09-02 23:05:28', 1),
	(350, 'alrawym16@gmail.com', 'Mohammed Omar Shafek', NULL, NULL, '2019-09-02 23:05:28', 1),
	(351, 'mohsj10@gmail.com', 'Mohammed Saad Abduljabbar', NULL, NULL, '2019-09-02 23:05:28', 1),
	(352, 'muhammedraed1998@gmail.com', 'Mohammef Raed Mohammed Mohammed', NULL, NULL, '2019-09-02 23:05:28', 1),
	(353, 'mousa.tameemi@gmail.com', 'Mousa Faleeh Hasan Altameemi', NULL, NULL, '2019-09-02 23:05:28', 1),
	(354, 'mohammed.duleamy@gmail.com', 'Muhamed Abdulhafedh Hussein Al Dulaimi', NULL, NULL, '2019-09-02 23:05:28', 1),
	(355, 'muhanadadnan488@gmail.com', 'Muhanad Adnan Abdulraheem Al-Hayali', NULL, NULL, '2019-09-02 23:05:28', 1),
	(356, 'mustafa.mohammed9800@gmail.com', 'Mustafa Mohammed Abed Abed', NULL, NULL, '2019-09-02 23:05:28', 1),
	(357, 'mustafa.taha93@yahoo.com', 'Mustafa Taha Daham', NULL, NULL, '2019-09-02 23:05:28', 1),
	(358, 'muthana90jajju@gmail.com', 'Muthana Saad Salih', NULL, NULL, '2019-09-02 23:05:28', 1),
	(359, 'noora.alabdullah96@gmail.com', 'Noor Ibrahim Shukur Abdullah', NULL, NULL, '2019-09-02 23:05:28', 1),
	(360, 'eng.omar.earthlink@gmail.com', 'Omar Abdulkareem Ahmed Alsubayee', NULL, NULL, '2019-09-02 23:05:28', 1),
	(361, 'omaralmashhdany34@gmail.com', 'Omar Ali Salman Al-Mashhadani', NULL, NULL, '2019-09-02 23:05:28', 1),
	(362, 'omerqassem123123@gmail.com', 'Omar Qasem Ali Almamure', NULL, NULL, '2019-09-02 23:05:28', 1),
	(363, 'omar0770888@gmail.com', 'Omer Mhmood Khudhair', NULL, NULL, '2019-09-02 23:05:28', 1),
	(364, 'oommaralani@gmail.com', 'Omer Osamah Al-Ani', NULL, NULL, '2019-09-02 23:05:28', 1),
	(365, 'ammaralhayani@std.sehir.edu.tr', 'Omer Osamah Khaleel Al-Ani ', NULL, NULL, '2019-09-02 23:05:28', 1),
	(366, 'othmanraad191@gmail.com', 'Othman Raad Tawfeeq', NULL, NULL, '2019-09-02 23:05:28', 1),
	(367, 'raduan.mstfa@gmail.com', 'Radhwan Al-Janabi', NULL, NULL, '2019-09-02 23:05:28', 1),
	(368, 'raz.hawrami@yahoo.com', 'Rayan Ozer Hafidh', NULL, NULL, '2019-09-02 23:05:28', 1),
	(369, 'samah.huseen95@gmail.com', 'Samah Hussein Chyad', NULL, NULL, '2019-09-02 23:05:28', 1),
	(370, 'sari.kh95@gmail.com', 'Sari Khdhaer Mukhlif', NULL, NULL, '2019-09-02 23:05:28', 1),
	(371, 'selimalsad@gmail.com', 'Selim Alsad', NULL, NULL, '2019-09-02 23:05:28', 1),
	(372, 'suhaibmo402@gmail.com', 'Sohaib Hussein Mahmood', NULL, NULL, '2019-09-02 23:05:28', 1),
	(373, 'suheibaldagher@gmail.com', 'Sohaib Suhail Najm Al-Daghir', NULL, NULL, '2019-09-02 23:05:28', 1),
	(374, 'suror.huseen@gmail.com', 'Sroor Hussein Gyad', NULL, NULL, '2019-09-02 23:05:28', 1),
	(375, 'suhaib_aljanaby@yahoo.com', 'Suhaib Khair Allah Ibrahim Aljanabi', NULL, NULL, '2019-09-02 23:05:28', 1),
	(376, 'suzanosama58@gmail.com', 'Suzan Osama Ahmed Sharro', NULL, NULL, '2019-09-02 23:05:28', 1),
	(377, 'talha_an@yahoo.com', 'Talhah Alhameed', NULL, NULL, '2019-09-02 23:05:28', 1),
	(378, 'tebaidham00@gmail.com', 'Tiba Mohammed', NULL, NULL, '2019-09-02 23:05:28', 1),
	(379, 'yasserkrgi2@gmail.com', 'Yasir Saleem Kurji Aldulaimi', NULL, NULL, '2019-09-02 23:05:28', 1),
	(380, 'youniszcode20@gmail.com', 'Younus Mustafa Ahmed', NULL, NULL, '2019-09-02 23:05:28', 1),
	(381, 'yousif.3bd@gmail.com', 'Yousif Abdulrahman Hasan', NULL, NULL, '2019-09-02 23:05:28', 1),
	(382, 'yuuuyuuu94@gmail.com', 'Yousif Salam Shereef Al-Rawe', NULL, NULL, '2019-09-02 23:05:28', 1),
	(383, 'zahida.bata92@gmail.com', 'Zahida Al-Sammarraie', NULL, NULL, '2019-09-02 23:05:28', 1),
	(384, 'zaid65131@gmail.com', 'Zaid Mohammed Khudhair Hamdan', NULL, NULL, '2019-09-02 23:05:28', 1),
	(385, 'zainab12.a77@gmail.com', 'Zainab Ali Khalaf Al-Zerkani', NULL, NULL, '2019-09-02 23:05:28', 1),
	(386, 'zenoo.al@gmail.com', 'Zainalabdin Mohammed A. Al-Mohsin', NULL, NULL, '2019-09-02 23:05:28', 1),
	(388, 'zozoqueen483@gmail.com', 'Zainh Khalid Jasim', NULL, NULL, '2019-09-08 14:34:30', 1),
	(390, 'belalaldewachi1990@gmail.com', 'Bilal Oday Saeed Aldewachi', NULL, NULL, '2019-09-09 17:35:32', 1),
	(391, 'myfeka80@gmail.com', 'Bahaa elewi', NULL, NULL, '2019-09-15 21:52:41', 1),
	(392, 'dr.hani.ayed@tu.edu.iq', 'Hani Sabbar Ayed', NULL, NULL, '2019-09-15 21:54:26', 1),
	(393, 'mushtaq776@gmail.com', 'MUSHTAQ NASEER NAJI', NULL, NULL, '2019-09-15 21:58:57', 1),
	(394, 'alobaeidi.mfhf@gamil.com', 'Mohammed Alobeidi', NULL, NULL, '2019-09-15 21:58:57', 1),
	(395, 'ghasaqalhadithy98@gmail.com', 'Ghasaq Luay Fadhil Al-jafar', NULL, NULL, '2019-09-15 21:58:57', 1);
/*!40000 ALTER TABLE `tbl_clients` ENABLE KEYS */;

-- Dumping structure for table db_ylf_certification.tbl_clients_missing
CREATE TABLE IF NOT EXISTS `tbl_clients_missing` (
  `id` int(11) NOT NULL AUTO_INCREMENT,
  `email` varchar(255) NOT NULL,
  `name_en` varchar(255) DEFAULT NULL,
  `name_ar` varchar(255) DEFAULT NULL,
  `birthday` timestamp NULL DEFAULT NULL,
  `certifications` varbinary(50) DEFAULT NULL,
  `creation` timestamp NOT NULL DEFAULT CURRENT_TIMESTAMP,
  PRIMARY KEY (`id`),
  UNIQUE KEY `id` (`id`),
  UNIQUE KEY `email` (`email`)
) ENGINE=InnoDB AUTO_INCREMENT=199 DEFAULT CHARSET=utf8;

-- Dumping data for table db_ylf_certification.tbl_clients_missing: ~89 rows (approximately)
/*!40000 ALTER TABLE `tbl_clients_missing` DISABLE KEYS */;
INSERT IGNORE INTO `tbl_clients_missing` (`id`, `email`, `name_en`, `name_ar`, `birthday`, `certifications`, `creation`) VALUES
	(12, 'Moamin.Alzrzoor@gmail.com', NULL, NULL, NULL, _binary '', '2019-09-06 14:15:51'),
	(13, 'Aawwqwwaa2@gmail.com', NULL, NULL, NULL, _binary '', '2019-09-06 14:16:09'),
	(14, 'Omarahmedtr@gmail.com', NULL, NULL, NULL, _binary '', '2019-09-06 14:16:22'),
	(15, 'Aawwq2aawwq@gmail.com', NULL, NULL, NULL, _binary '', '2019-09-06 14:16:27'),
	(17, 'Yasir@bannergrup.com', NULL, NULL, NULL, _binary '', '2019-09-06 14:16:58'),
	(18, 'theengineer.ahmedsalh@yahoo.con', NULL, NULL, NULL, _binary '', '2019-09-06 14:18:01'),
	(19, 'awsbashar99@gmail.com', NULL, NULL, NULL, _binary '', '2019-09-06 14:18:01'),
	(21, 'Mustafa.taha69@yahoo.com', NULL, NULL, NULL, _binary '', '2019-09-06 14:22:08'),
	(22, 'anas0salim1991@gamil.com', NULL, NULL, NULL, _binary '', '2019-09-06 14:34:50'),
	(24, 'ezalden53@gmail.com', NULL, NULL, NULL, _binary '', '2019-09-06 14:35:28'),
	(25, 'sohaibhussein12@gmail.com ', NULL, NULL, NULL, _binary '', '2019-09-06 14:35:55'),
	(26, 'abdullah.zainulabden@gmail.com', NULL, NULL, NULL, _binary '', '2019-09-06 14:46:27'),
	(27, 'awsalobaydi@yahoo.com', NULL, NULL, NULL, _binary '', '2019-09-06 14:56:44'),
	(28, 'Abdulrahmansaadi1994@gmail.com ', NULL, NULL, NULL, _binary '', '2019-09-06 14:57:07'),
	(30, 'lo.hassan.ve@gmail.com ', NULL, NULL, NULL, _binary '', '2019-09-06 15:06:11'),
	(31, 'hassan_akmel@yahoo.com ', NULL, NULL, NULL, _binary '', '2019-09-06 15:06:37'),
	(33, 'Almajd.nizar.1983@gmail.com', NULL, NULL, NULL, _binary '', '2019-09-06 17:06:16'),
	(34, 'Hafssa.alaani@gmail.om ', NULL, NULL, NULL, _binary '', '2019-09-06 17:09:01'),
	(35, 'anas0salim1991@gmail.com', NULL, NULL, NULL, _binary '', '2019-09-06 17:09:02'),
	(41, 'zeinab.tharaweh@gmail ', NULL, NULL, NULL, _binary '', '2019-09-06 17:18:06'),
	(43, 'zeinab.tharaweh@gmail.com', NULL, NULL, NULL, _binary '', '2019-09-06 17:21:01'),
	(47, 'Mr.mhmed93@gmail.com ', NULL, NULL, NULL, _binary '', '2019-09-06 17:32:28'),
	(48, 'Myfeka80@gmail.com', NULL, NULL, NULL, _binary '', '2019-09-06 17:53:11'),
	(50, '07700014718mht@Gmail com', NULL, NULL, NULL, _binary '', '2019-09-06 18:26:54'),
	(52, 'mushtaq776@gmail.com ', NULL, NULL, NULL, _binary '', '2019-09-06 18:34:34'),
	(53, 'belalaldewachi1990@gmail.com', NULL, NULL, NULL, _binary '', '2019-09-06 20:58:34'),
	(54, 'belaloday@yahoo.com', NULL, NULL, NULL, _binary '', '2019-09-06 20:58:47'),
	(55, 'ghasaqalhadithy98@gmail.com', NULL, NULL, NULL, _binary '', '2019-09-06 21:00:39'),
	(56, 'engharith92@gmail.com', NULL, NULL, NULL, _binary '', '2019-09-06 21:16:35'),
	(57, 'alqayssi_92@yahoo.com', NULL, NULL, NULL, _binary '', '2019-09-06 21:18:12'),
	(58, 'Zozoqueen483@gmail.com', NULL, NULL, NULL, _binary '', '2019-09-06 21:34:28'),
	(61, 'atmaleisawy@gmail.com', NULL, NULL, NULL, _binary '', '2019-09-06 21:49:51'),
	(62, 'amjad.yaser96@gmail.com', NULL, NULL, NULL, _binary '', '2019-09-06 22:06:13'),
	(64, 'Ahmedalhajery7@gmail.com', NULL, NULL, NULL, _binary '', '2019-09-06 23:35:38'),
	(65, 'Mohamedalsdeeq@gmail.com', NULL, NULL, NULL, _binary '', '2019-09-06 23:36:05'),
	(66, 'omniasmir477@gmail.com', NULL, NULL, NULL, _binary '', '2019-09-07 00:14:37'),
	(67, 'Yeh1989ia@gmail.com', NULL, NULL, NULL, _binary '', '2019-09-07 00:15:18'),
	(71, 'hajeziad@gemil.come ', NULL, NULL, NULL, _binary '', '2019-09-07 00:19:50'),
	(73, 'hajeziad@gmail.come ', NULL, NULL, NULL, _binary '', '2019-09-07 00:21:28'),
	(75, 'andullah45744@gmail.com', NULL, NULL, NULL, _binary '', '2019-09-07 00:36:47'),
	(76, 'abdullahabdulsalam06@gmail.com', NULL, NULL, NULL, _binary '', '2019-09-07 00:41:51'),
	(77, 'omaralalaf95@gmail.com', NULL, NULL, NULL, _binary '', '2019-09-07 00:47:26'),
	(78, 'alasswi97h@gmail.com', NULL, NULL, NULL, _binary '', '2019-09-07 00:47:46'),
	(79, 'mohamed-houria@hotmail.fr', NULL, NULL, NULL, _binary '', '2019-09-07 00:51:02'),
	(82, 'mohammed_ld@yahoo.com', NULL, NULL, NULL, _binary '', '2019-09-07 01:06:13'),
	(83, 'Ayadabdlwahab@gmail.com ', NULL, NULL, NULL, _binary '', '2019-09-07 01:09:33'),
	(85, 'semar ashkim@gmail.com', NULL, NULL, NULL, _binary '', '2019-09-07 01:14:23'),
	(86, 'semarashkem@gmail.com', NULL, NULL, NULL, _binary '', '2019-09-07 01:21:50'),
	(87, 'frqansalam0@gmail.com ', NULL, NULL, NULL, _binary '', '2019-09-07 01:28:57'),
	(91, 'poisonsbrain94@yahoo.com', NULL, NULL, NULL, _binary '', '2019-09-07 01:38:34'),
	(92, 'ahmedaldoury3@gmail.com ', NULL, NULL, NULL, _binary '', '2019-09-07 01:48:21'),
	(94, 'younesozil4@gmail.com', NULL, NULL, NULL, _binary '', '2019-09-07 02:46:47'),
	(95, 'winter@example.com', NULL, NULL, NULL, _binary '', '2019-09-07 08:21:53'),
	(99, 'gjbriyiigx', NULL, NULL, NULL, _binary '', '2019-09-07 08:23:24'),
	(100, 'kj6l3dnj7f%c1%816aame25rnw', NULL, NULL, NULL, _binary '', '2019-09-07 08:23:25'),
	(101, 'dhk1iev49k\\lh4v82fezq', NULL, NULL, NULL, _binary '', '2019-09-07 08:23:35'),
	(102, 'tchitchimo35@gmail.com', NULL, NULL, NULL, _binary '', '2019-09-07 08:52:55'),
	(103, 'aaa474379@gmail.com', NULL, NULL, NULL, _binary '', '2019-09-07 10:25:28'),
	(104, 'mamoun.abdullah95@gmail.com', NULL, NULL, NULL, _binary '', '2019-09-07 10:44:21'),
	(105, 'ramazanmyth@gmail.com', NULL, NULL, NULL, _binary '', '2019-09-07 10:45:17'),
	(107, 'abdalmukeet@gmail.com', NULL, NULL, NULL, _binary '', '2019-09-07 10:55:24'),
	(108, 'rheemali525@gmail.com', NULL, NULL, NULL, _binary '', '2019-09-07 10:56:59'),
	(153, 'Khobaibabd1994', NULL, NULL, NULL, _binary '', '2019-09-07 12:06:02'),
	(154, 'Zaid.al7amdany@gmail.com', NULL, NULL, NULL, _binary '', '2019-09-07 12:43:15'),
	(155, 'Abwbkralbydy8@gmail.com ', NULL, NULL, NULL, _binary '', '2019-09-07 12:44:39'),
	(158, 'omar.mslh.bmx@gmail.com', NULL, NULL, NULL, _binary '', '2019-09-07 13:04:03'),
	(159, 'Omar.msli.bmx@gmail.com', NULL, NULL, NULL, _binary '', '2019-09-07 13:04:39'),
	(161, 'Hello.fh37@gmail.com ', NULL, NULL, NULL, _binary '', '2019-09-07 14:18:31'),
	(162, '07811875753', NULL, NULL, NULL, _binary '', '2019-09-07 17:35:52'),
	(164, 'Hibatamer56@gmail.com', NULL, NULL, NULL, _binary '', '2019-09-07 17:58:53'),
	(165, 'Hibatamer57@gmail.com', NULL, NULL, NULL, _binary '', '2019-09-07 17:59:25'),
	(167, 'talhah.alhameed@gmail.com', NULL, NULL, NULL, _binary '', '2019-09-07 19:48:48'),
	(168, 'Sa610725@gmail .com', NULL, NULL, NULL, _binary '', '2019-09-07 20:24:22'),
	(169, 'www.elafjasim11@gmail.com', NULL, NULL, NULL, _binary '', '2019-09-07 20:36:03'),
	(170, 'www.elafjasim11@hotmail.com', NULL, NULL, NULL, _binary '', '2019-09-07 20:36:57'),
	(171, 'cahitkayaizmir@gmail.com', NULL, NULL, NULL, _binary '', '2019-09-07 21:23:40'),
	(172, 'Haidarjawher999@gmail.com', NULL, NULL, NULL, _binary '', '2019-09-07 21:27:45'),
	(173, 'azizhassan088@gmail.com', NULL, NULL, NULL, _binary '', '2019-09-07 21:28:20'),
	(174, 'Ali1122344566@gmail.com', NULL, NULL, NULL, _binary '', '2019-09-07 21:54:31'),
	(175, 'Mahmoud_alsamaraee@yahoo.com ', NULL, NULL, NULL, _binary '', '2019-09-08 12:07:26'),
	(176, 'Zozoqueen483 @gmail.com', NULL, NULL, NULL, _binary '', '2019-09-08 12:19:23'),
	(178, 'Mohammed.jadoo90@gmail.com', NULL, NULL, NULL, _binary '', '2019-09-08 14:01:59'),
	(180, 'awsalobaydi@gmail.com', NULL, NULL, NULL, _binary '', '2019-09-08 14:31:52'),
	(182, 'ajwad0513@gmail.com', NULL, NULL, NULL, _binary '', '2019-09-09 14:22:20'),
	(187, 'anoaljanaby@yahoo.com', NULL, NULL, NULL, _binary '', '2019-09-10 10:51:10'),
	(191, 'Zaed65131@gmail.com', NULL, NULL, NULL, _binary '', '2019-09-10 14:32:32'),
	(192, 'Dr.hani.ayed@tu.edu.iq ', NULL, NULL, NULL, _binary '', '2019-09-10 14:52:15'),
	(193, 'Hani.sabbar@gmail.com', NULL, NULL, NULL, _binary '', '2019-09-10 14:52:40'),
	(194, 'haithamtalhaji@yahoo.com', NULL, NULL, NULL, _binary '', '2019-09-15 09:08:58'),
	(198, 'dsfsd@aewf.com', 'sdfsdf', 'سيبسيب', '1994-06-04 00:00:00', _binary 0x36, '2019-09-19 00:47:15');
/*!40000 ALTER TABLE `tbl_clients_missing` ENABLE KEYS */;

-- Dumping structure for table db_ylf_certification.tbl_users
CREATE TABLE IF NOT EXISTS `tbl_users` (
  `id` int(11) NOT NULL AUTO_INCREMENT,
  `email` varchar(255) NOT NULL,
  `password` varchar(255) NOT NULL,
  `creation` timestamp NOT NULL DEFAULT CURRENT_TIMESTAMP,
  PRIMARY KEY (`id`),
  UNIQUE KEY `id` (`id`),
  UNIQUE KEY `email` (`email`)
) ENGINE=InnoDB AUTO_INCREMENT=2 DEFAULT CHARSET=utf8;

-- Dumping data for table db_ylf_certification.tbl_users: ~0 rows (approximately)
/*!40000 ALTER TABLE `tbl_users` DISABLE KEYS */;
INSERT IGNORE INTO `tbl_users` (`id`, `email`, `password`, `creation`) VALUES
	(1, 'haithamtalhaji@yahoo.com', '601f1889667efaebb33b8c12572835da3f027f78', '2019-09-02 21:53:45');
/*!40000 ALTER TABLE `tbl_users` ENABLE KEYS */;

/*!40101 SET SQL_MODE=IFNULL(@OLD_SQL_MODE, '') */;
/*!40014 SET FOREIGN_KEY_CHECKS=IF(@OLD_FOREIGN_KEY_CHECKS IS NULL, 1, @OLD_FOREIGN_KEY_CHECKS) */;
/*!40101 SET CHARACTER_SET_CLIENT=@OLD_CHARACTER_SET_CLIENT */;
